path,category,lines_at_audit_start,bytes_at_audit_start,sha256_at_audit_start
.dev.vars.example,configuration_other,19,901,1d50b156fa8d9ed9825cd9a91a449ba62dde5a2cf7f0e0a90e11eaa3368f763c
.env.example,configuration_other,3,187,5847ff836a6c3758938bd3da874042f0421e5a4082fa201ab1cee1a68cb2b0ab
.github/workflows/ci.yml,configuration_other,33,558,d7fce793fd70bf368b790c45ba9d7acb4d77e8d593084c737b67024b3b8185d5
.gitignore,configuration_other,15,171,181d5fe0d87603e12759436e047eb9c0ad06063e82a42735dcb9bf5bc1bbb645
.nvmrc,configuration_other,1,8,55075b5ec4e8b31936cbbc282b8829116d1fd48f2f2f1856dee592a6650700ce
AGENTS.md,current_document,107,11945,8e9d51141bf9c9c719c41e099f43022f62d10f75fba3d900863d5291c709886b
README.md,current_document,120,13558,cee218a9923be00551b18c26e2d1390411f4a7ca92ee559531b3de364f08ba0c
docs/DECISIONS.md,current_document,178,29759,7a927abb5d05178620abe5a863f44b3dacd333937ed9c97d269d24db8761726c
docs/DEVELOPMENT_REVIEW.md,current_document,41,6661,1c89717fe1d0d48274cc288566c2065d5c0a433de46bea4a782d4e5d567367c2
docs/HANDOFF.md,current_document,34,7459,a9289f5f682e2311d1eab2440d83110e563dffa8530dc3dac0714645480f778e
docs/P4-23_OPERATIONS_GATE.md,current_document,330,59093,514b5dcd4936ec236675252ab618a48903c9db73ae5c843004c9b03f7fa47aed
docs/P4-23_PREVIEW_RELEASE.md,current_document,225,31233,4352304a852fcc4e8cdfb8028325d29cd430fc18065c6aa693d35fe2d1364601
docs/P5-24_RESOURCE_ENVELOPE.md,current_document,73,10124,2ab55e0e8fa2ab52da88394ac7cc799d3fefcf051d79518a0fd7f451c69f3a53
docs/P5-25_FREE_EXECUTION_ARCHITECTURE.md,current_document,216,21266,6aad844aebb48ad297d09963325a342c2040e4571c3341afaa8f811ab1241595
docs/P5-27_CAPTION_30000.json,configuration_other,1,181826,4073a1260f7e3e8815d7a408b620e78f0c585e3a1556a9b166f922e33c190f9f
docs/P5-27_CAPTION_30000.md,current_document,40,6625,82ce0fc9fada8a4fbc8522a5d5ba5489ccffa9269e701a003883c8ce65b57262
docs/P5-27_CPU_IMPORTS.json,configuration_other,1,1290259,e5cef7e1fc3ef78f5d14425a56c9e5ca1384dfaffa4bf516d3d8b91710415989
docs/P5-27_CPU_IMPORTS.md,current_document,94,15255,d29e8e4b951c26ee863398fa27b6b865599d43cdbe3c70ed4a149187b6dff4ce
docs/P5-27_CPU_INITIALIZATION.json,configuration_other,1,447861,4e836496529173edc19ca13bae16e8fe3e0790bb9bfa1df4b597392ef763190c
docs/P5-27_CPU_INITIALIZATION.md,current_document,60,9662,fda584e2e58c2d6d3a6268335b46abe3fd76ddd60a010cff774042e265117013
docs/P5-27_FIRST_REQUEST_DIAGNOSIS.json,configuration_other,10812,334790,426d59d8113764e3e9ec63ffb65959d06439cddfafad5c22203622450b33eef6
docs/P5-27_FIRST_REQUEST_DIAGNOSIS.md,current_document,68,12565,411e94842bf4b803f2592a81bafe13dece66abb62245fa93c71e897a61fd5659
docs/P5-27_LOCAL_DIAGNOSIS.json,configuration_other,5610,148583,f94c5cc23d68748c879dcadff25b3d8f56086e3f9748c5f49c0e8f79263d441c
docs/P5-27_LOCAL_DIAGNOSIS.md,current_document,63,8874,45131df7663c7ca00c0e3f63cc6d19a36347919e8d048d4367b9c2e51f1f9a75
docs/P5-27_LOCAL_OPTIMIZATION.json,configuration_other,16197,417485,5c2633a45a17a49c5be011a916a1025a625e638c157eda0b1d1505f4caa202b2
docs/P5-27_LOCAL_OPTIMIZATION.md,current_document,49,8436,5509cb22f62d0a04d3b660d8d805b4bf8ed83155397d821cc94a1c2387f2c36b
docs/P5-27_MEMORY_D032.json,configuration_other,1,68917,4b049dae66246cafdbf3c11a40fe7a9c0e6094950c21b6087d863a180eb79e56
docs/P5-27_MEMORY_D032.md,current_document,40,7116,8b879c6620c3c776d2816382c26a38bbce3a50b52e3c373f6288d1d2c184f401
docs/P5-27_PREVIEW_MEASUREMENT.json,configuration_other,3319,80237,edb4e60dd9902fc7c8c05f418041a9e4e96da5de9f2ea7a566172f18e1f76bc2
docs/P5-27_PREVIEW_MEASUREMENT.md,current_document,52,8113,4d7f3bec42926dfba659abda726c0dcae1d8c5d1250c5ee7675dda5171aee53e
docs/P5-27_SELECTED_MEASUREMENT.json,configuration_other,3621,81382,26c90a5ac264879d4f93d178e3e2f5c41b27992350bb2aced78c18dd4ee43950
docs/P5-27_SELECTED_MEASUREMENT.md,current_document,55,7998,95bd6172873524c4bff683ef8bb7eb767581c042b79293f511e6f16740a72109
docs/P5-27_SELECTED_MEASUREMENT_R2.json,configuration_other,3621,81202,db5af2a4938509d194907529b5b7cb1e43d0b2cfcf45f27230fd58e1d5eb9d6a
docs/P5-27_STORAGE_REVIEW.md,current_document,118,17967,063d9797dbf503a19534cde47893d587dcb28a91b1b0ae81e1399102d90b6aa5
docs/P5-27_TRANSPORT_REVIEW.md,current_document,45,6176,2630c21bfadb633665a0aca40c1f4cdbb055c9dbb5dee579489877b601710f67
docs/P5-44_MIGRATION_REVIEW.md,current_document,117,19888,28a6f7bde3cb2555c97accc9a3a47bc777803cfdb70d3bf8dadecf02b70af2a2
docs/PROJECT_CONTEXT.md,current_document,28,5647,ce9f1d9d4e56da346cf771d01740ee5f9683928c597c1a5227a2a16fc69c3c57
docs/ROADMAP.md,current_document,24,5781,746d72ff8a9064204c202d6565a1e27b7dbc6a533cc5fe229c6259fb57ac9e58
docs/STATUS.md,current_document,58,8391,a91c45dce1b5ef3426760791a108ebf37d48c089dcc358ab4e5c3e63fd47a44b
docs/archive/2026-09-21-p5-48/AGENTS.record.md,archived_document,100,10979,e9cc7f256155360580d20a2227576e765edda40c024c4ee4834139883204bac9
docs/archive/2026-09-21-p5-48/README.md,archived_document,22,2297,2627e0bfa170d55226ea27f920225e3710d269099024d013e9a796122b61518f
docs/archive/2026-09-21-p5-48/README.record.md,archived_document,121,13492,faedda228d88c0be91ac85d23a7e276a789f895e163b00e1156a7a63ce483d99
docs/archive/2026-09-21-p5-48/docs/DECISIONS.md,archived_document,349,92170,00dae9cd603da72c607d0bd02e4e49d359fa6727a806361b5e7b077d110f9266
docs/archive/2026-09-21-p5-48/docs/HANDOFF.md,archived_document,1700,414423,2c23863fed48d1a5dc42eeabc0e00789898ffd65bf0ec12033d7560502678174
docs/archive/2026-09-21-p5-48/docs/PROJECT_CONTEXT.md,archived_document,137,17001,5030bedaf777e2f96ec8394ea22e90af1c58bcd0c5ad63860bf965f370554625
docs/archive/2026-09-21-p5-48/docs/STATUS.md,archived_document,1555,354001,30d8587f5f570a19277f87d46be5dcb82620330ff6b2dd4b32a69e3c89b4f3c0
docs/archive/2026-09-21-p5-48/implementation.md,archived_document,6936,947510,2dc6929d9aeef1144d8025885dcd93be9f32405adb00f31f55eed10d2f394fd2
docs/archive/2026-09-21-p5-48/manifest.json,archived_document,55,2262,1b64522beed702cf3b9847a58524a954a3c26f606e8c8918eb6c0682ad02b0e8
docs/archive/2026-09-21-p5-48/original/AGENTS.md.txt,archived_document,97,10631,baa12fea3a5f67378e031cc08dfc40db1eaaaacf6ca2ae3cc3144457243bcdde
docs/archive/2026-09-21-p5-48/original/README.md.txt,archived_document,118,13154,b54744405d7c035efed514700fc1b50305df25e87f4d67fd01c7eda7d879a353
docs/archive/2026-09-21-p5-48/original/docs/DECISIONS.md.txt,archived_document,346,91744,2e2117a42595ad1cadc40f14594932d43fa2aa4a24be9f2d3f71f110cd188e89
docs/archive/2026-09-21-p5-48/original/docs/HANDOFF.md.txt,archived_document,1697,413826,9759c508e66e527b474a8729f080fd9a6a27974db3c7eb4e2dc522f9d7d695ac
docs/archive/2026-09-21-p5-48/original/docs/PROJECT_CONTEXT.md.txt,archived_document,134,16593,7610b41a670e1e7fa00681e0b4f43e377105bbf09d6fffe6087ce7c053e147c5
docs/archive/2026-09-21-p5-48/original/docs/STATUS.md.txt,archived_document,1552,353341,b33ed86dcce9f5afceba052f2e1de89425a16106e8ed8542013b0fed0df5ad51
docs/archive/2026-09-21-p5-48/original/implementation.md.txt,archived_document,6933,945967,47e60d0b244ce8e96a13b8ff3852528bf418f5a7918081c7b1b9858e116bf000
docs/archive/2026-09-21-p5-48/source-map.json,archived_document,3179,138978,8ed33137b9ff8ca49dfc9ee4f792061eb7dc7a19105fba335484cba058f17743
docs/archive/2026-09-21-p5-48/verification.json,archived_document,195,6708,19f83e46dd788e3c65075a76084cedfb7bf1b47220565aabd52095b45c079d70
docs/archive/2026-09-21-p5-48/worktree-baseline.json,archived_document,396,44257,e7c99cb17bdb03a63815d9c63d1e4d7bd2cfd3319e53d7f64da62bed5ea5c490
docs/design/phase-7a/01-adult-sermon-hero.png,configuration_other,12846,1922062,de4fefc5298553f09417531dc40300f6d2865fba7752035488ffc04fb1d2b3f3
docs/design/phase-7a/02-child-sermon-hero.png,configuration_other,13801,2163155,c611f80aae2e7fcc103f14b82b79dfc7e9853e8d05a73a8a88589675e76c0ab1
docs/design/phase-7a/03-adult-quiz-workspace.png,configuration_other,10185,1426349,af47a1cd436dbaaea5c02e6b229360ce4a02022fc63cbfdcc069f866002db485
docs/design/phase-7a/04-child-quiz-workspace.png,configuration_other,23816,1939960,00fe219f22eefd63b8c52b68e1e5cb5bd69d9565c26b7e248c03d402b3820d87
docs/design/phase-7a/05-submission-result.png,configuration_other,9972,1359352,9e344ba481126b450d5150b0287b35f6c727531d37f271b424301c9bf72ee65f
docs/design/phase-7a/06-participation-topn-print.png,configuration_other,12085,1666851,ec24e6cade0b2e9df1719f3fbab5a47a2120f2e9a752279a3fa8e322f2426f7c
docs/design/phase-7a/07-archive.png,configuration_other,13484,1883696,00f3f72d9e6a887287ed97d58b3d8c6357139c00c38eaa01de6876be1de50a07
docs/design/phase-7a/08-admin-workflow.png,configuration_other,13474,1732661,83e2206cb5deb7eed030fff9db7188e1fe29de06599f2817a245a175191569f7
docs/design/phase-7a/DESIGN_BRIEF.md,current_document,112,7279,5b7e25a24cf3d713743051b5192701ee52a62ea95abc4ddb5ecbb175533afe47
docs/design/phase-7a/PROMPTS.md,current_document,30,2625,3215218bc6500a81c4dc35cf544cb3085e4e29d35b10d56968beddc3bbf81f0d
docs/future/member-auth-and-church-account-integration.md,current_document,163,14649,7a54225aec4ff228d3d343f36892ad9a23d6e135c83a4eed0fec63ce1a38dd46
docs/spec/api.md,current_document,449,60497,9c496892c75d009f4c5c84761fc15765a17a27400ca8ef12a324402d18aee480
docs/spec/architecture.md,current_document,370,47739,fae1bb1f31ba513c3fd5378c4c3632ef0be2da470aa0fbe707c560f0b1f76c11
docs/spec/bible.md,current_document,209,16494,6e72571d9ab1696984f59dec0c4af40a4861655a4b2791796e9f31aac2dfb093
docs/spec/data-model.md,current_document,688,42603,5c857a2c276dce0702a2520513c3710b928709d7e653e2a1f842aaa5e86fe89b
docs/spec/design-workflow.md,current_document,62,3234,489162ba012c24db55e3d881832584c423e2fa8cd18428a580e535deb23b9a64
docs/spec/design.md,current_document,109,5899,799e61c33d821219d8eb30896380954044205a08a8e1aa0ab0e6779535682eca
docs/spec/export.md,current_document,165,12549,257710dce0dd7ea1c80a69e18d5315599fb12b5ae3a63a0cf6e238f93d3f2cfd
docs/spec/generation.md,current_document,633,111831,58defb6386e38fef4aba8b184c4b23335cb6b93bb80c103519ea0bc120e459b6
docs/spec/glossary.md,current_document,44,4734,9c76e181ca5e0e45fc1f4392ffccf9daeb5af235caa0c2fe59532d7804785aab
docs/spec/ime.md,current_document,76,4856,9ddd256393a62b280fb9188630812b7b91fdb66224627f54f7c11c61b529dc19
docs/spec/leaderboard.md,current_document,107,9377,86423b889a09534d89c391cf4db8d8d5c53511cc96278c3070c960c104f3fd6b
docs/spec/product.md,current_document,37,2634,067d99f810dc92ea4b764774f8d424ed427c837f67113f317ee3fd44edf61380
docs/spec/puzzle.md,current_document,107,11541,2a2d3bba9d12b6e87272d190874211c17c66340131b2e1d2c29772040f01af38
docs/spec/release.md,current_document,58,6267,06b1bfa618ff2899a10fb252f8714c3584fca5dc5024b5f79b99bfda3d40bbdc
docs/spec/responsive.md,current_document,53,4022,c993d31610d6252af0c324fae4ae85a060917f81dc0b29c9456ad8eac73e087b
docs/spec/risks.md,current_document,32,5732,f3ba49db02561c9929dce05f975b8e96e3f89cd0cbf01cd6fb8d76401c513aff
docs/spec/scoring.md,current_document,107,10513,0af4ac0feae6ecbe7c7566fb069c5869c222c0d3c613dc6d2b19672018338c56
docs/spec/submissions.md,current_document,126,12614,e5f499d6f8c1a2b4e23401eda48528d7a3c5c64938a592cb0e45a03f390bf1f1
docs/spec/testing.md,current_document,272,23503,f7e8acab71f60527991974d4f94f50775c02eccba68cb92eeff552ac487fc3e1
docs/spec/users.md,current_document,132,11214,0fdfd97d0e022a56f75c04a934a7ee238f1a7fabd52e6b58b8c206ffaf0071f4
docs/work/P5-48-verification.json,configuration_other,493,51150,fdadba3ed07c58128995c1631aba8562d09592e0745f030b35a58dc2bd566fec
docs/work/P5-48.md,current_document,41,7135,bf8df7c6d3f6bff73fd9ff30910f06a46577f71d0d5650465811d98cdc5b3503
docs/work/P5-51-verification.json,configuration_other,1814,174254,af30c92fed388e59128b418f5572578c95ac0347fb37d1f26488994f6fe3ab4a
docs/work/P5-51.md,current_document,53,10046,ec5ce8be6d9ce60de521fc1c479335a512269416bc02b4b2c069c1fc2ab97f2c
docs/work/P5-52-verification.json,configuration_other,662,60273,fca607f9325528c9ed293587bac0e73cd5e17108003abd7853a0ea723645f4b6
docs/work/P5-52.md,current_document,34,6905,4096ef257d0ba97e0d9e96e6bdbadcd68141cda330f938f85b1c51f3b84609b2
docs/work/P5-53-verification.json,configuration_other,618,58967,b58fda08db39c9b6d9c021122f4e07cb694dc1072a378fd4183e974caff2da0c
docs/work/P5-53.md,current_document,37,6878,d463cb577cf61dc5e1f2cc51502b693293c71cdde27484c0655d3c4787f37910
docs/work/P5-54-verification.json,configuration_other,656,61259,2d52c522e949cd40479c9fb70b7fa7ca12507eb4209c22ca09b4d19096041a30
docs/work/P5-54.md,current_document,34,6251,257bc421eb0b5e54cb5e719450930b85d4289bfb9f1c1b8b1b7ac4563ddc126f
docs/work/P5-55.md,current_document,22,3710,0a7def273fe672d4db014577ec80db528cbe7bd192ecd9d10acf2c92829e39a4
docs/work/P5-56-verification.json,configuration_other,638,28483,b2f90f5df242ead7198241acdc949b56604115ec9878fd6644c4295505642040
docs/work/P5-56.md,current_document,41,6091,ba8d30eae22128ef966a9029a3c1be2750ceca0bbfa334ec3b2aca404ca0c627
docs/work/P5-57-verification.json,configuration_other,607,61020,b041be07fdfa771b4019b114897f2ab27ff5663bccedf45209c4ade8a907b576
docs/work/P5-57.md,current_document,34,6848,4a11ceca1b4a0dc0673f7237b413e0d1740a77d9ad6e5e494f82ca2281f34007
docs/work/P5-58-verification.json,configuration_other,1165,122494,a3fb9819b0307dad267716f76606fd311353763ace10a4d6aef17819d73b8add
docs/work/P5-58.md,current_document,29,6329,c394080208b2524084c258f9ed57b3f94d4c0597058e7490480b81103e639d0a
docs/work/P5-59-verification.json,configuration_other,646,63629,06c428e583f80907117145c583644079849476752a0b8f01b20aec4dea5106df
docs/work/P5-59.md,current_document,33,6995,d78d8c3d165fff3d4dec2f1b62c8a7d1df0f2febb532f515693eddebe0edd6da
docs/work/P5-60-cleanup-verification.json,configuration_other,182,8351,7de9334341f758b65f96a171f9fb621ff9544218020fefe21333a32b8c7cba86
docs/work/P5-60-full-verification.json,configuration_other,333,18072,042b979bf6a92f6e14ce07ecc2021ffc10de4dd5a7082a3dbf49882570d2ee83
docs/work/P5-60-storage-verification.json,configuration_other,175,7852,2a740f23df01a934ebc028a466e951041abf01403d1c9e0141ae2ef434671cb3
docs/work/P5-60-verification.json,configuration_other,133,5734,3783e71e28f62d6765b7ccd98b6aae93598566b371a12bcf2fe30ff47c3afc00
docs/work/P5-60.md,current_document,96,18933,11195f84b99041febfe6650e67d53ab4508e9476aaf4326c4d37bc2c473c262d
docs/work/P5-61-verification.json,configuration_other,243,17053,3b49ef8dd4fcdf8a1b9278a2cde484816e8d487536968c07e4dbf9214970b4e5
docs/work/P5-61.md,current_document,41,6465,881bf3bfb74c5ff3313a577f10a16866a0bb5e65b7185cb199221ea00e0e5b53
docs/work/P5-62-verification.json,configuration_other,269,10952,e8cd017be0dd680e766bf827f929acc562a3e92ef3661b513784957b9239d45c
docs/work/P5-62.md,current_document,35,6685,7d46b0f9be562cbe1fa47feaa604dc2512fef4486d2ac6af082e0ffcdb4bd8ee
docs/work/P5-63-verification.json,configuration_other,127,11451,e6f72833550cfc07490276128697324d170f62b641ae3650abab8e5b6990cbd6
docs/work/P5-63.md,current_document,32,6521,33574bc913b7c7d323a0685a1bd577e0c10fadadc6bce34ec4f1a142d811202a
docs/work/P5-64-verification.json,configuration_other,283,13961,f4e49c50b67ea5dbc7461d983f620c705d4514b94847fe40fadc252af30d9ef5
docs/work/P5-64.md,current_document,44,9063,77d85276fb2ca4f9214546d95326e50396a8a3ba3706e0c09870f7dcd934cd6b
docs/work/P5-65-verification.json,configuration_other,124,5181,c111c75aea32d413f200b427bc35e245e1891bc3103881174995b8f37e95e216
docs/work/P5-65.md,current_document,34,6419,9c33bca9c13e7172d7c3959c6d3a2c698b8ae08f9c03155dbc56356c713d18f0
docs/work/P5-66-verification.json,configuration_other,129,5526,4ec0909ceb186d64b8b0a3d37ea43b097582e69fc04cd35d0477c621e8f05eb8
docs/work/P5-66.md,current_document,23,3924,2e26ca2aee53338f6cd8fd6cb426cf4181958c6d694b1efbae898a3714afff4f
docs/work/P5-67.md,current_document,20,4764,c37a3270e912a2ff2e3a0dec8ae6f20d1cc71b15aca37c0359b3e8578b47f768
docs/work/P5-68.md,current_document,22,5422,a6c4f18beea0281a2cf86a04fe29408ea16ad7e09f2bcd5635c91022dc766246
docs/work/P5-69-verification.json,configuration_other,79,1981,c0a0c2d253214565b3f5f2863d398e25803985854259b6864e9ce3254d299ed2
docs/work/P5-69.md,current_document,111,22848,107b4e80b0bc7188ec361acff7f045a981aad5a58890c496d1f89ec9b2c317f6
docs/work/P5-70-evaluation-template.csv,configuration_other,11,3442,8c135bc7cb921beeeaf975c5398c0f373a26b10b2046338a7f11ac93a85880b7
docs/work/P5-70-verification.json,configuration_other,2512,83994,a6fd6865dcf97c9f2b43f7c8070e6d5597c349044bde9e3cf606cd9352433e01
docs/work/P5-70.md,current_document,647,139071,3f87a5013ad2635c16bc1e45bc5796f0af8942d66ae139b35492b445010430c4
drizzle.config.ts,configuration_other,9,200,d9b5d48d03c658772635fa980d0b23d7c4154ce1e1c7a8176c3ffad364bc14e6
eslint.config.js,configuration_other,33,760,9cb94983510710b5bab4b3e233548655683f751cba9c2b288a94f598440e3b7b
implementation.md,current_document,42,5366,30a17812390347b5d128099bd3eea1a4f6ae8d154d5a2e287430c8682e7af28a
index.html,configuration_other,16,462,ec2df9bcdd17a7c2db7152e5c676324ed587746e352239faa7aed259995127d6
migrations/0000_foundation.sql,migration_sql,169,9625,58f8fa7d7ad40a635af9bca7cd508ceaeacd285e998fff745a1f17453b6f1a9a
migrations/0001_public_quiz_entries.sql,migration_sql,21,1213,e0308a4d02cd89f4a41a7ce7f3684a2e3b19126423f4f8dee493fa6db89b36d7
migrations/0002_phase4_submission_storage.sql,migration_sql,63,5465,537bc3571fb8f81ef43b5b88d7a2dafff67d616a8e751d0c5a67bde63a74d682
migrations/0003_phase4_moderation_policy.sql,migration_sql,62,4567,5184d2b7acb08d190a62eb755db78fddb7051ecc46a9f6e23e921bedbfd230f8
migrations/0004_phase4_leaderboard_snapshot.sql,migration_sql,22,1319,b4ac1a8596f200ff0d3955962b9b0b74ed8c163180c0fd04516cbeb9e364d8b5
migrations/0005_phase4_audit_logs.sql,migration_sql,19,1423,fcd42e32b58062f346ca606012f90e2754b548127833eec2a31ca02a6ebd9e20
migrations/0006_phase4_submission_moderation.sql,migration_sql,15,1026,5df9f1211a7f0a00709c8ccd21d2dc457bfaa4394495f08e41cc82044a49c46e
migrations/0007_phase5_private_sermon_metadata.sql,migration_sql,13,975,c9680cd98542d175b6ec2ee478d74ba1ce02d4ab74b3ea3d5748d89c1f6e3072
migrations/0008_phase5_private_sermon_history.sql,migration_sql,320,39411,119b997a7f49d2b26408b14b01a793caec9673f39bc3d5420a6b39968958ea28
migrations/0009_sermon_input_selected_storage.sql,migration_sql,129,9679,53157112bba2bdc5f8ef19f25fc580f77480d07bd84c56308de63f16306220f7
migrations/0010_phase5_generation_jobs.sql,migration_sql,314,28619,1f7d311a5a5b7f20d114a60f4250aeea893d3967f84d214976f3566b52108995
migrations/0011_phase5_ai_result_usage_storage.sql,migration_sql,545,43172,1083df3650137f4101893347704ea21bd301528d8f530dcdf74826a6782e363b
migrations/0012_phase5_human_content_final_ticket.sql,migration_sql,412,37314,d8d8958cb7291de1cc3c39c644b310fe0ddb265686611e015f58b32c06a16ebe
migrations/0013_phase5_generation_lifecycle.sql,migration_sql,1740,182864,a86b88e00bab22eb1228fa43ed1a538c0c824752ec04254114dd1409fdc9400a
migrations/0014_phase5_full_validation_finish.sql,migration_sql,215,17408,38bf25a9bca1390c658852ea11aa68e2b6165cb7f965a719bf37914c863284d7
migrations/0015_phase5_domain_content_lineage.sql,migration_sql,268,33197,614e53553c2cfb0e65fe2c750032fae2e447adf9273c2f47e5178af5fd04e59d
migrations/0016_phase5_placement_selections.sql,migration_sql,36,2860,beb463dd5dc9df062def7971991731328dbfd61eed717f350b408306768e071a
migrations/0017_phase5_individual_regeneration.sql,migration_sql,42,3720,c9d4623af6fade49a6876d70539b5f5e8cee4ebba83ab2efbf4a6151e3018e0b
migrations/0018_phase5_published_content.sql,migration_sql,82,5618,b322c747c266fa111d4ac7b5be36fcefc8167199926a80d1817229770e971730
migrations/0019_phase5_intent_regeneration.sql,migration_sql,98,8128,623533bfcda4aa44edfa4568d4f2a3034cd8830c4ba0e1da150012c4bc9b1b19
migrations/0020_phase5_intent_critique_retry.sql,migration_sql,129,9967,aafabc9d088a1a8f3ec469d5aab9c0153608a6154eb6dd351dff3753db03eb86
migrations/0021_phase5_draft_cleanup.sql,migration_sql,100,8901,0fdedc800ef6c4149faa174c5cb1b6e1ad57fe54a88d1fea79ecf913ccbfd118
migrations/0022_phase5_display_corrections.sql,migration_sql,39,2683,1c9c4eb6f3d3639d815550b242b6affe93c072486cd0ec7fe4008dde068c19a9
migrations/0023_phase5_withdrawals.sql,migration_sql,56,4217,207b7db40d69f8f784089e9806f5d857ac81f98ba3458eb891c6434931e0493c
migrations/0024_phase5_withdrawal_edits.sql,migration_sql,38,2765,2b49dd5cb44856637f39afd792ce02201b2ad8f9e6c9b9fc6d3e1d5c5d15a73a
migrations/0025_phase5_withdrawal_edit_cleanup.sql,migration_sql,54,3871,dd479568cf2ea1b5d8cc7f5445505765168d457bbcfc22179e73b71156b3639a
migrations/0026_phase5_quiz_republication.sql,migration_sql,283,23853,82a737faa43f0f2ed44bc2938d9f097d5d76755e377b0adfb1c8da2b028e3186
migrations/0027_phase5_problem_corrections.sql,migration_sql,214,16304,f5ed93a0cb9aaf3f674542194c833226462f2d9b097819540237f98bc4eb8988
migrations/0028_phase5_wording_corrections.sql,migration_sql,53,4351,dbd4252abf26f93e7e8abc00810adfb54769b2779beef585ff24517140da1a8d
migrations/0029_phase5_content_quality_reviews.sql,migration_sql,76,5368,f06910cd92c44c20ed4e183b9ab350c2a5d50e57eafddbefb648403e0474ea1c
migrations/0030_phase5_archived_intent_recovery.sql,migration_sql,133,11189,82942d80c910644ab1510994349ab8a939b7ed2e5508984302da74e31a98cca3
migrations/meta/0000_snapshot.json,generated_migration_metadata,1163,34648,62a9c80fe37ed3861a276dcbbee85ba15cf384d639cd53a05d97646f8f0aa198
migrations/meta/0001_snapshot.json,generated_migration_metadata,1288,38372,caf8f489c8720c4c790dd911c12e812b2eb5d1199a28b130fa8bd80778f97f4f
migrations/meta/0002_snapshot.json,generated_migration_metadata,1681,52078,e4c83e23676fe448eb2054cd1361872e0a6ad02ef99e314e8bd1aa40732a0488
migrations/meta/0003_snapshot.json,generated_migration_metadata,2032,63523,bf0eab7364fcfa084df482c2ac77f1e46645edd5b0fc4b213951855797d7393f
migrations/meta/0004_snapshot.json,generated_migration_metadata,2181,68004,9055c8d32c4047df6dbe4e06cae35822bac766ea5e64301ade9cd005cd824df1
migrations/meta/0005_snapshot.json,generated_migration_metadata,2291,71572,7ad52586b2a61ce7394b2efb9c33b51c52c78389e07c30b27cb7c90c19427fbc
migrations/meta/0006_snapshot.json,generated_migration_metadata,2384,74490,e77f313ff1e6cea3d07d794cdfeff39a0031379f0f24e524e84c66f608ea7c99
migrations/meta/0007_snapshot.json,generated_migration_metadata,2467,77284,518946dde13e17caaea5ed8369cc01077c1232ca822d505d90096232fb1b3b84
migrations/meta/0008_snapshot.json,generated_migration_metadata,3664,118107,6a4c5945be883157a25515695d00162efff396829b49dcc91e88248d5b1173d3
migrations/meta/0009_snapshot.json,generated_migration_metadata,4080,130861,8bd21374d2e5062a8a4ccc5da678bc7e4c9885a74f33f435c28c9062163962a9
migrations/meta/0010_snapshot.json,generated_migration_metadata,5173,170026,78d29a412e8745c1ca0574ce68fdf2c2b98b46eb7d33a4402a7fbb2fb8c1a85e
migrations/meta/0011_snapshot.json,generated_migration_metadata,7101,233852,33a1921daf615ecc75e2c87c2c5e038082b229e154593f96e2045a92c003c19a
migrations/meta/0012_snapshot.json,generated_migration_metadata,7851,260721,a5149c5004ae17fb009bc56d356bdffef8ec691e24e73cebd3633999dbf40964
migrations/meta/0013_snapshot.json,generated_migration_metadata,10637,346986,e74694c0e0b60f4fec568d2885f4cdf5acea2a61a1f983c3be79b4c02b147c62
migrations/meta/0014_snapshot.json,generated_migration_metadata,10827,352952,efb02574913ab5792bc885bab431276f673f51c3b196cdd3f5a905a629f442c9
migrations/meta/0015_snapshot.json,generated_migration_metadata,10957,357469,d6ffd914363502279c5019130dc72f33395d948d65c6dfb1586838447f6e110a
migrations/meta/0016_snapshot.json,generated_migration_metadata,11054,360406,4f5bc7be55108ccf525ab14ffe90af9ad76a432d2e6b57b4f640ecbcdd5a58bb
migrations/meta/0017_snapshot.json,generated_migration_metadata,11054,360564,34a8c205559796653bd58fa4a8633be1020180bcf8b2aac6fdf9c949a792560c
migrations/meta/0018_snapshot.json,generated_migration_metadata,11257,366723,248610dc7e7dc317ce22b61146170c3ff70548f6e325ff723bfef4cfe8a4e466
migrations/meta/0019_snapshot.json,generated_migration_metadata,11257,366722,e6aea7690124588464ef370d4482c94c441439d45c4f32582aeae710a5755d8c
migrations/meta/0020_snapshot.json,generated_migration_metadata,11344,369459,b229bde4c71ad37ae92ff9d9406a08dcfa16463dc539ae6af35aada322942078
migrations/meta/0021_snapshot.json,generated_migration_metadata,11486,373798,5c730a6fb827fc1cd3df1a6f28f53f3c532fc718bfd0410536abe937574bc557
migrations/meta/0022_snapshot.json,generated_migration_metadata,11614,377873,e33f934cd8ed40cd23ce8f329703968d41613cc23f499a5d1df711c0d65e4f84
migrations/meta/0023_snapshot.json,generated_migration_metadata,11722,381060,5155c66da40b5ccef53932a29eb0841da5a9eeb7fcfb903f674c98f4a162e6d3
migrations/meta/0024_snapshot.json,generated_migration_metadata,11832,384696,25c51a81c7e928b341b1f5d24d2e83da46161af2605c43a223a9e9e1093488e7
migrations/meta/0025_snapshot.json,generated_migration_metadata,11911,387178,71bedf47f30c74281c7f38b71bd041157da36025356e986d5fb77a7fc66056c7
migrations/meta/0026_snapshot.json,generated_migration_metadata,12412,401173,ec44498644de564ae90832956ce4357c17b89d16636227851efd0ca6820bd79a
migrations/meta/0027_snapshot.json,generated_migration_metadata,12800,411493,442d532b6ee58b2062e15ea9979947bd5569725db391306eb2993efdfc226b99
migrations/meta/0028_snapshot.json,generated_migration_metadata,12946,416452,7f8cdd2192ad9c372f87a0080499582839a9bb9c936b3ba54ef18f30f478697c
migrations/meta/0029_snapshot.json,generated_migration_metadata,13137,423169,c8f346ce68871b4c11703b1aca85115e5ad694751ce89f361484fd3dc74166c7
migrations/meta/0030_snapshot.json,generated_migration_metadata,13370,431531,12f708e751525fe85f1a03ed96bcfca246770fccf7087ea1997aa7fcea76c93f
migrations/meta/_journal.json,generated_migration_metadata,223,4849,b889b9f2ac790871a2d2879ffdd6847a7ce04b20cdbfb37535443df82411e468
package.json,configuration_other,69,3013,ad3f381d7933c24f066d50110a081e2740f9a5f069c421509a9d575f3a10aab0
playwright.config.ts,configuration_other,25,763,5c975b71633149bddbe9f397ecdccb5f7e440e3968a3cc2eca5b899bec45254b
pnpm-lock.yaml,configuration_other,3893,127526,4bf3abdff00dcb4a084bd024eb30b0a7981c004902386d87e748190aca15ae1f
pnpm-workspace.yaml,configuration_other,20,720,f5337c815e451c185ea5e57c7ba16add26762cc86429cb070ba93b0fa04f2d86
scripts/ai-quality-response-archive.mjs,development_script,61,3772,6cb25f462b491b3351cab640f2abb9e4a60f374852dccf4214f419293845defb
scripts/ai-quality-response-archive.test.mjs,test_fixture,56,4045,8c229a115594414a6e3559969dfb41318bff9e1edca4bb606b177f71f41ea80d
scripts/apply-archived-intent-recovery.mjs,development_script,170,12874,ff723b5ea04ca1dbfc008bac3ed013d24e22a4291d210ed9c4b3f702714c9ba1
scripts/archived-intent-application.test.mjs,test_fixture,62,5022,e20edf6b4967e5afda0a2372b575f927a1900801df28cd51fa47c510c295165a
scripts/check-cloudflare-config.mjs,development_script,83,2479,b5502fce8369ec1896a8c9832e76e32acb1875bd3598cc4079dd81e9ad587d05
scripts/check-content-lineage-upgrade.mjs,development_script,124,11907,4c53d287ea7e6c8d5770f304facc79cb78dd0e291e20b35cf60a370528041346
scripts/check-display-corrections-upgrade.mjs,development_script,123,11750,6987b3eb51d84f2f5da1aa144e2ca2038085d797855a6144e8e51050a38a3416
scripts/check-draft-cleanup-upgrade.mjs,development_script,126,12095,ac17a9f6a3cef453fbc55eaeab537bbf0d3c662f626e0ab568a3bfccbe2d6525
scripts/check-generation-lifecycle-upgrade.mjs,development_script,1209,106213,1c0252c892e26cb0d7e67aee90dd0744fdfc4daaaff2c69efa65d564c6e9c328
scripts/check-generation-populated-upgrade.mjs,development_script,145,13428,31e5dd89627896a9508d58029026887ce5f6c1a289ab203a00df38659b6bbbde
scripts/check-individual-regeneration-upgrade.mjs,development_script,127,11887,5240b42fb1d88317d4522a2583280a5ef00f3ea70c130cd384e5c40e72404171
scripts/check-intent-regeneration-upgrade.mjs,development_script,68,5041,e27dfbeb182ebfbea33adeb8cbb9a4993d0c030ae8960ccab91dcdd605abf9c1
scripts/check-lockfiles.mjs,development_script,9,298,cd15ccf9c3e9ac55d192f2203e0eae35834438b7094db970e881eaa8d0143330
scripts/check-migration-upgrade.mjs,development_script,237,16214,1df18f58bd33c4a2a477f79c811d428567d702312d53c797b520296a6685d181
scripts/check-placement-selection-upgrade.mjs,development_script,124,11713,9c5fe8dd8a502c1f598a8aadfc35baa566fab5455a51023c0dd9d8eebb517ee5
scripts/check-preview-acceptance-fixture.mjs,development_script,220,9609,1878411259b05a2d13723e768494b16f7f216a2b7f00c0f60d67498e3565d646
scripts/check-preview-build-env.mjs,development_script,16,707,64c57b221b18359ffcc76f59981c5d5091e9836a3bb9552881b2d28771c20693
scripts/check-publication-upgrade.mjs,development_script,126,11860,06bf3cad98cd2203f8805029cb238645ec4ff5f929d38161ef7b190cf9a2f28e
scripts/check-withdrawal-upgrade.mjs,development_script,185,20304,637d7f420cd129f2207d85e0f54462e50c28ea7386fd608acc708bf91a2ba46b
scripts/check-wording-upgrade.mjs,development_script,172,17851,68a4feef3c90f720e3ec503da03b8496c4473dcde0548a1f6cf3353a6ed7d1f6
scripts/local-ai-quality-session.mjs,development_script,201,13158,0538d5b13e6fa4524cbfcc90d0e69fe80736aa9e429d58993dd94f2986914202
scripts/local-ai-quality-session.test.mjs,test_fixture,95,6717,b98af8e9fc7459c7e44113078da0401703a766eea004703668149a875a9e65af
scripts/local-recovery-d1.mjs,development_script,45,2878,b0891d37d211387c99a744326be94b47164179ded86bd44998df73b31ffb3955
scripts/p5-27-capture-tail.mjs,development_script,37,1548,05e06b8a77df1b67ba8111623b80e64bc8c4c9da8cb9232f8d71472c5299c283
scripts/p5-27-generate-seed.mjs,development_script,35,1457,82fbdb3a86fe0c0247a4f88f1a988816e24d6dd2b63382f7fd76ed8c977ac1e2
scripts/p5-27-measure-local-memory.mjs,development_script,151,10073,5acd6a6d766220ade8291618a456c574f48b928543f6c246d114c7413d7d1af7
scripts/p5-27-prepare-selected.mjs,development_script,16,1209,634053005cbcbd09259da5c1b1435f87855ab3c88964d94d89a62a199e9afa46
scripts/p5-27-profile-local.mjs,development_script,144,8273,d39f7c177ef29d0467595ffa6bd19f3c7b8e26a73fb58b8f8bc788b0770b199f
scripts/p5-27-profile-selected-cold.mjs,development_script,126,9574,8e970f5f2d560d87df08326273a50fea20d6efc63ac839f51ec4018e178c4a71
scripts/p5-27-profile-text-checks.mjs,development_script,63,4278,64a1d807d2eebf6b54df3ddad88d659d748eb10d512464407b621b9571bd7185
scripts/p5-27-run-probe.mjs,development_script,65,3442,52e7fa168bf14c1dc3f7e4c4913ea26099056fe36fcf79d07df9be03e3927438
scripts/prepare-ai-quality-trial.mjs,development_script,113,6008,367374c5a7cd6b563575bfbcbd5a2615356fc51d50fd8f6548f64c5788406180
scripts/prepare-archived-intent-recovery.mjs,development_script,93,7817,c4d904f89c2b1aa7934a550991a13740acc674e7ef60f22601f704e81999ff31
scripts/prepare-archived-intent-recovery.test.mjs,test_fixture,32,2191,3700aaf739a39e67781b7cd9bcdec5ec7293740278de34810c116e0d670e393e
scripts/quality-trial-response-archive.ts,development_script,45,2375,5855b3ee1ae05ed3d29175611ea649aa1a4b7754ab8e0a32186d1f7a0b075d2a
scripts/quality-trial-response-replay.ts,development_script,40,3297,881e1b5453199af164c16dd010e6ea1248c9f47fa979b5da1782cdd06382eb8c
scripts/quality-trial-worker.ts,development_script,49,3777,8900821c3f1ed3a9054622153d4602e23a764f3994849c58a626cd571cc43ed4
scripts/receive-quality-secret.py,development_script,91,3536,7a62363a724fa0b3ab1272f04846f246737d1a78a84849534d3b38c4540b04f3
scripts/receive-quality-secret.test.py,test_fixture,74,3293,c4b5217ee241abe93d9390f6be009abaf77096ed3913830e0b62b895eed25b96
scripts/replay-ai-quality-response.mjs,development_script,25,1617,51a51c0847807a928397a506be9b463963d1714c9f872bf3c346871cb9ce7ec6
scripts/report-history-resources.mjs,development_script,8,375,16b5de802fd80eae721fbe8f074311b4bbd7cf1a3661a6bbc6bd6a3edf437254
scripts/start-e2e-server.mjs,development_script,54,1705,4429e170ec4b357113677f5603635aa128f119d922344ef0ce2ab9318b1324f6
scripts/test/local-recovery-env.mjs,test_fixture,9,503,f046eb8b6caf500358f16e6bd655668ff06bb76d8584b09ee5509926cba6af6b
shared/api/admin-ai-costs.ts,application_source,47,1673,7892143c8441297b7afa29160aafbe4182f253654b11197ea576bace1fe4b761
shared/api/admin-bible-reference.test.ts,test_fixture,83,2971,5f5bf6def52710e021c525b1135c6f0f026ab0d6b03ef8ca4a3d31fa30578f8a
shared/api/admin-bible-reference.ts,application_source,39,1183,09b49a6eb56fd98fd855f69fd2dd7475cf045c5a24c9880fa1d79fb99951c397
shared/api/admin-content-generation.ts,application_source,45,5436,2a44c5913940e5e91cb503092668edcc1df86f10f15e8b971ca05fd4f6ea1758
shared/api/admin-content-quality.ts,application_source,28,1566,9b0a04ae5d3768c3b737db5ad3822da8c7be64f9f28cd9c8d88e814261e00ee6
shared/api/admin-deadline.ts,application_source,34,1931,1015cdf7d3106e1ae96e4ec93a0afb53f1a631da9d7d0f7595dd9e4e4ec414b2
shared/api/admin-display-text.ts,application_source,32,1824,420bab03deea70c91a31c4f9963b0cdc6f942f37e8842569be5996c5b53368d7
shared/api/admin-draft-cleanup.ts,application_source,9,455,b31c2a8fb182c5090f4861c9b560fb20eb9955711f67986607e9af2d85f2ddcf
shared/api/admin-finalization.test.ts,test_fixture,41,2123,63e0d7f182d05d79fb7fc9ca088731af6ac5c98532318ae9ac74b3890f3e9e1f
shared/api/admin-finalization.ts,application_source,45,1480,3140a63b934afe3e8109e5b0c77acc6ae673fe40b9e2ee1818d6c72fd0028ef0
shared/api/admin-generation.ts,application_source,15,1268,916a35ed2661484d596dcf8e734ceb5c6a39922e3b5675d55bf4a35887a9fdd9
shared/api/admin-placement.ts,application_source,17,1733,0b7579df08c58a259a73d94ebf56e6cc04cf3d2d8618d13bb151be8a40464e66
shared/api/admin-problem-correction.ts,application_source,21,1843,628e2decb33d87e481f3a58e6728a0682fd29dea2dce767c412d7ac4c8ebaa1a
shared/api/admin-public-video.ts,application_source,70,2713,309c637552acef3ba4efe0451468a695b1ff9040edd83d797966be017d5213f8
shared/api/admin-publish.ts,application_source,13,592,ce226464b29e41d324411b8c7679fe189caaa64adceb63810f2d90e8f0ea92a7
shared/api/admin-quiz-revision.ts,application_source,42,3314,e8088aaf9c6846b13610109e460723678a7fa163206c6839d552b9e1cfa9d430
shared/api/admin-sermon-drafts.ts,application_source,28,1682,cc92cf1478581642358c7f9165a6835200a7daca9013edf9c252d073176cb2cc
shared/api/admin-sermon-input.ts,application_source,325,10339,5f45467e5b70613d3f88e13e77289ae0c45dfb890d9d1c3599ad159721487e6b
shared/api/admin-submission-moderation.test.ts,test_fixture,61,2267,c70f349065806c355f45eec3c60fee345e1e78ea1223f30a91794eca9c75d97b
shared/api/admin-submission-moderation.ts,application_source,44,1427,b2488d718222d979a1358a15fd86c7731e7eee084e223b8b12d3e2a96d3d63f4
shared/api/admin-withdraw.ts,application_source,36,2314,749656bfaf25ee074b986e4bfc3e28b0e16d15ccba043e8345fdcd1f42bc8fd4
shared/api/admin-withdrawal-preview.ts,application_source,35,2108,71a2473907023db3137b0a3d0bba0f620c1ebc9337e9d5fd4395e96fbfb05bad
shared/api/admin-wording.ts,application_source,24,1560,6596b213bb078e012004c0f29de501c2eb068543d3060caa67b0bac80285bac3
shared/api/archive.test.ts,test_fixture,21,1805,98c9c767e815d4a4e72cd1bc277c721a66a998269dcf928ef6531a754ef8dcc7
shared/api/archive.ts,application_source,51,2658,2c40c5feeaf95de8d6fc781a98a243c172cc2c47a6382685562293437dab107c
shared/api/envelope.test.ts,test_fixture,25,676,0dd6e289c28eec804211104de07cf3a66595dbc1c4547ba50b9f6952d88b414e
shared/api/envelope.ts,application_source,24,432,35cfcb4f0eca5a8a9bc8bf0bc42e29b8c993dcd5ad22249e4cb270380edd60ed
shared/api/participation-board.test.ts,test_fixture,73,2558,bc71c6d694e078fd9695a04ed5758933008ec669cc6b34b2c45df0c53f2ea913
shared/api/participation-board.ts,application_source,98,4117,7412445d9b0b6497fe0ec8fcd884648f6daf965df4bc3ffd1edc3f56d4274ab1
shared/api/placement-options.ts,application_source,12,801,b20c6e1cf94c26d419d3a56a64da2931f22bfacfb553dae6b659190acf8e17d7
shared/api/practice.test.ts,test_fixture,46,2293,7e18d440c901b5f19aadcc7d855035994b4dd16d9f55be818fcb85303e08936a
shared/api/practice.ts,application_source,43,1743,d0484227b6249a88d7ba628d028d876b04995b7197dfbb0e0be4dc4103370bc8
shared/api/problem-history.ts,application_source,4,307,c846e7284792df705640d10341ee0656baa11a63cd1c245bed7f8b5070655e93
shared/api/public-quiz.test.ts,test_fixture,46,2627,313e0b558609cd9e04f736a666c73dc3c047ec9f800cd772dd9ee8bba153bfb1
shared/api/public-quiz.ts,application_source,121,6843,ab2077b1b8726ce6a88717ca9083bb3beae141a47d342ce86361dea61730ba37
shared/api/session.test.ts,test_fixture,24,887,fb071242bab2f66a90c672620dc18eeca6c7793a78246ab6888e2b4bf8d77ebb
shared/api/session.ts,application_source,10,231,cb29cb9841a376815a8e1c35ab9916ec4f0e1e734f2a1427b0f3a770a68c2e49
shared/api/solution.test.ts,test_fixture,50,1635,3316c025e605e786c9d6361396ca6c4b0e9644682befdafd7f6af0231fde1ebf
shared/api/solution.ts,application_source,28,1151,42d4981dd6cfe689eecb2c7505e8c9968f9a02b80006c612c35aacf0ec2cc32f
shared/api/submission.test.ts,test_fixture,148,5826,6bdf81f80467c6c7c2b9df3d5f2a9d2ea40dd825ec895c878baaf2fdd6eb536e
shared/api/submission.ts,application_source,102,3959,b5087900265758d71686141acf3f6985c73f3e4169c0dd2b962ade898d2da112
shared/bible-reference/README.md,current_document,10,1099,f3affafba2a9b5a3a3144efb5ea5fa3bf3a0f07b7ee3cbe8e36fae2b9749b525
shared/bible-reference/index.ts,application_source,3,79,58ae64a5edfa0c1ff7f83f0f9333ffbf7ed439583eecac9e8ec5e7a1ebc5a85f
shared/bible-reference/metadata.test.ts,test_fixture,66,2740,0f59df7e7d09a573f8ce81d7dd55a0474a14f6b17b6e91aafb22ec45959372ed
shared/bible-reference/metadata.ts,application_source,134,10371,032e684d9815f96f33db78e5481caa1eaa6a3dea767b0f50daf7ee2b2341c198
shared/bible-reference/parser.test.ts,test_fixture,121,3969,2b4d3c9b9f9c7820adcac595bb107c839735b82cd8894ab862bb013e9fe125c0
shared/bible-reference/parser.ts,application_source,220,6583,4c0b1aa5c5b6fd24c2ac434a9555db21b95419d5bb5557aa8381fd24b2e3984f
shared/bible-reference/types.ts,application_source,81,2663,ccb346fdb3e38f1bdaa64437bad06e41ba6210fd2a745650a989a0c3a7fa1a0c
shared/puzzle/fixtures.ts,application_source,57,1691,c8fb77979dddc7a6a38bf2933e5286d589d474cb1d66161f6d9760fd987e4e32
shared/puzzle/generator.test.ts,test_fixture,156,5111,19d867af72b9a34ac8a83022e730d436a344d6338a94d29e77c29d29fcc45484
shared/puzzle/generator.ts,application_source,717,22652,c288ec92c6a417c8fed546e5a91ba672d40b594c07c31a106697f008245fa388
shared/puzzle/hangul.test.ts,test_fixture,98,3034,16caef56768d9520efc9fb49f6feaca44cbc16d8f0bde0d052ecc8a0a47e8045
shared/puzzle/hangul.ts,application_source,100,2913,bc5c7973abab12b5a23cb95fd3b8fb26fcf2b300073abac6935b14e5a17c21e7
shared/puzzle/index.ts,application_source,6,167,5877063df41159d8c137abd7655063a4c732d7abc30fbf71b6b44584d0cd1a88
shared/puzzle/layout.test.ts,test_fixture,127,3537,9bf6ba4919bdb02168b46ed2c70a55954edce64b2a5eeaa98782bf80b05c2e52
shared/puzzle/layout.ts,application_source,305,9323,a6dd4c1e7f7a5bf8630783c9ee211c6097bd0d221fdbb5c2471791eb2560d763
shared/puzzle/pool-search.test.ts,test_fixture,65,4157,4dd0721f1bfdd0cf011437f9518418443215b2321111e48be8d634f4e3b73727
shared/puzzle/pool-search.ts,application_source,112,6206,419f132b77456132f4744055374215ba14b7157e65275412cc03c5e704861cab
shared/puzzle/serialization.ts,application_source,51,1379,ca3f407743bf35ee18b8b9e1e898d1235d21f60e79706c864a6a91aef9bc8c84
shared/puzzle/types.ts,application_source,193,4272,3b7bec8ece1ad3db3647be3ad2c471e8a8bce81a72ce58d61853d4fa1a8db7f9
shared/sermon-registration.test.ts,test_fixture,17,1309,3f1ca214b0453e580fd850437f8e3cc1e16e24a1ccce597eecdc0165bcaba128
shared/sermon-registration.ts,application_source,30,1876,6557fdd073db68330ca86e934afdb64fb490f386fc628c15688a1f8660b1bd48
src/app/router.tsx,application_source,24,956,69ea63e573a7057dd70bb39759e5308ab8bc9d21fbcd5b54b90ca99bae90d82f
src/app/screens.tsx,application_source,68,1861,112b02889d696714603919150728fa9f28ef9c6a9fd1803f77438b54e25b7c47
src/env.d.ts,application_source,9,169,b33a9149565e658c1f7e617105365f5cd10387028f4eee97b725d5cb61a6eade
src/features/admin-bible-reference/admin-bible-reference.module.css,application_source,154,2352,0ad4e4081610f58904f71c738cd57fb65aeae4cc68c925b5deb19164f074d094
src/features/admin-bible-reference/client.test.ts,test_fixture,74,2921,b9823da37894b2e53fe60b4dbf0370aa55211ea7791fca39c56135333d0cd0cd
src/features/admin-bible-reference/client.ts,application_source,107,3679,33790fd9410e0b7c3fdaf7752b32392ae0b260974a39ca7919d9000a6c9420c6
src/features/admin-bible-reference/page.tsx,application_source,208,9267,8fab5de36948c2fbca578ea00ab00f65004c2992b02808f2da7aec82a653edbc
src/features/admin-sermon-input/AdminSermonInput.tsx,application_source,752,42590,439cfee8ea9f2857c39f6d95fcca18033e73f811ae47d77ff459a11a214db719
src/features/admin-sermon-input/AiCostDetails.tsx,application_source,91,6317,83413c255a97600cddc5c16ac4ccc1ef460a679492587762fec91964c105fb83
src/features/admin-sermon-input/ContentEvidence.tsx,application_source,92,6503,26c186dfdd19b2d060e7d87cf15d0417861e71e2b635072391d3f30b1febbc98
src/features/admin-sermon-input/ContentGeneration.tsx,application_source,269,27945,a1c7b11cf6e05f3635ca83a0223f9bead4aa8bced987f738f9a696536d954b00
src/features/admin-sermon-input/ContentPlacement.tsx,application_source,178,16314,b063adc6e61579a912811811a42467dd820d784e48e3bfdcef16a5c791cd2acf
src/features/admin-sermon-input/ContentQuality.tsx,application_source,50,4667,e3cf960f7302e8e9564841cd2b59693803d91549bbf1ff4517fe881383fad496
src/features/admin-sermon-input/ContentRegeneration.tsx,application_source,76,9039,7015556c719b77955500613061570c1a6a3b05f2a0c0592a5c71c680671737bf
src/features/admin-sermon-input/CorrectionGeneration.tsx,application_source,86,5733,59de054951ffe0c4d39416023309fac5e8295b5c7b91c4bc77f8a61084236625
src/features/admin-sermon-input/DraftCleanup.tsx,application_source,36,2759,46bb367bf39d846d24033bc7951aee3ef26843b51c1cf16e4bb65cb4b90348d0
src/features/admin-sermon-input/ProblemCorrection.tsx,application_source,60,8808,c63cab60e5d7410a3bc591c584c6853c082bf52ca66655b7752bbf828315e131
src/features/admin-sermon-input/PublishedMetadata.tsx,application_source,110,8640,e7eb352cb6d9b1b214767ac4dd40ec05185f05e8ed31073aa6a6801c2b9fb7a6
src/features/admin-sermon-input/PublishedWording.tsx,application_source,91,8270,843ce8884e466aae81f6b78fd910ba64c9bd26bc225f2ced2b92b1dd9d4b4314
src/features/admin-sermon-input/QuizDeadline.tsx,application_source,91,8308,81e544ea6cac0e7567bb0b1801da0bb07a253e726a48ee2a5e8906df4010d783
src/features/admin-sermon-input/QuizRevisionEditor.tsx,application_source,119,13768,d72991d811055e995bbbe2bb595608b2d67ea50412ff0f33e4bb7a1cb1b936f6
src/features/admin-sermon-input/SermonDrafts.tsx,application_source,187,16524,7b0bd177661e9f645e61e6f4e9ad621cab99ad27127ec6a7e88ee462756651cf
src/features/admin-sermon-input/WithdrawPublication.tsx,application_source,97,8300,f5e5c5a89e6dc27b7965593575395150a9c8465de68c2393bb9ad087c7d3f347
src/features/admin-sermon-input/admin-sermon-input.module.css,application_source,814,18029,4a6ed8294399cb8db06a7367534719b4c784f0d83a500d78728737374a7f44de
src/features/admin-sermon-input/client.test.ts,test_fixture,75,4795,d85780af938cfc918456a48e9799bde99e2bcfadcb2a5a08c7d9e5bc8579dd09
src/features/admin-sermon-input/client.ts,application_source,237,13041,4b193c29f29dea67d28c134ea4c0a53c2b0794c661ae935f4e57c64f83b4ee2b
src/features/admin-sermon-input/correction.test.ts,test_fixture,34,1483,33f1adf9a48222e1b83da08f612a61d844b9859de67d6bcb47b9dd66aab0a206
src/features/admin-sermon-input/correction.ts,application_source,67,2559,2a6d967094db5ff06dbe588527b435c63c667d8d25b696a9b88a5cbf2c6f76c6
src/features/admin-sermon-input/diff.test.ts,test_fixture,32,1376,e5b82d94c258e17b56aef3bbfdce63fc9ca3e33fdc325237d4afaeaf01862bee
src/features/admin-sermon-input/diff.ts,application_source,65,2727,653e96d2ea6fb28df84b1c1cecb0c8937bbcda407b40e3d9aeaa08256e8ad5b8
src/features/archive/ArchiveCards.tsx,archived_document,18,1219,8660f6799f354a2456598e7411452fa0280a89c14b70b512568fd68867301f34
src/features/archive/RecentArchive.tsx,archived_document,23,1542,fdb5fdca6401aa6f4effaba963560b9dca77481a43cc7e2638ccd70db4f721b9
src/features/archive/api.test.ts,archived_document,51,3913,f92dadebcb760a37ff918467e79b499216470ae66d15b67331fccd45447a869e
src/features/archive/api.ts,archived_document,52,3060,a309823626b64ef0715189dae01558bd1c453bf5467fa89a28e76f744cd62407
src/features/archive/archive.module.css,archived_document,49,3997,3252d904223422f0cd4672cc21ceaedb4e475190fc448b22bb71777b3698bf9c
src/features/archive/history.ts,archived_document,13,823,c61373ed36aeddbf836163d54254af44b32badd07dfafd1fd91c680654f32b74
src/features/archive/page.tsx,archived_document,113,9855,f0c9729efab10ac0aa7da51bd25232a82ba0cfad60fa4afa0564fad531d39ac1
src/features/hangul-input/README.md,current_document,43,6882,5d854b48e1aea02682426a921d658ff2910e61eb43db8261bd6660cd657d990a
src/features/hangul-input/controller.test.ts,test_fixture,425,20216,7924ab06ed4cddef3e76957327ec2c7be28438e89fb63179c53997d6ca25b8bf
src/features/hangul-input/controller.ts,application_source,209,10411,af652c9c9dfb092daf067881cea1dd57303dd218461363d81de9a0e51c9dfcc5
src/features/hangul-input/grid.ts,application_source,86,3517,0ebc0690f643e8d6bd9e7062d88ef4cf5c24b9ecb8ec098702061d1ea7da86ad
src/features/hangul-input/native-input.ts,application_source,104,5491,0468542b5937ef29049ab330470c35fa5b3303a8e2126a2db97d549fbf169e85
src/features/hangul-input/types.ts,application_source,71,2601,929ba6de924bd925378fb906971f86296e1ce84ad916efa27b8deb6222ca7a19
src/features/quiz/DifficultyTabs.tsx,application_source,20,1364,4c4dd1451c7d991fe1a4667dc277bb13f2058ce876702d34eedb5c65f52c5536
src/features/quiz/ParticipationBoard.tsx,application_source,217,9019,fc1e6fe72acef17891190d36428cda1da68886c1ada6f97ae4453d1b3933d027
src/features/quiz/PracticeCheckPanel.tsx,application_source,81,3202,574e92ce59e233d2d95e78791c40ef7d4c7d1c7d71d331f74408503f07601939
src/features/quiz/ProblemHistory.tsx,application_source,27,3104,280f6e4c73a7614cd0666adcdc120973435c06139afed76cb0049fccc5241977
src/features/quiz/QuizDeadline.tsx,application_source,40,1324,4efcab95b59ccc02dcc51c77fc53c9feb58029fabc2a8fa21c647b2b23b067e2
src/features/quiz/QuizLoading.tsx,application_source,8,396,ae0a742ce05532bde51f3d3113938ca2c7b13eec6769d0037d99b207cede2410
src/features/quiz/QuizWorkspace.tsx,application_source,412,26418,0e0e6dd800b7d9b188b688f58ed5c719d53de94187d62d87edbace34a1903fee
src/features/quiz/ResultComparisonGrids.tsx,application_source,87,3322,8836d12ab477ee7a34562ac73e2a7761b5841351e991b234634d0a5b8d27902d
src/features/quiz/SolutionDisclosure.tsx,application_source,93,3113,ed1ea9b830beaaa370b8f96b11db87646aac5b1041ecd44267e5e29cbdb5360c
src/features/quiz/SubmissionDeletionControl.tsx,application_source,88,3092,84ca9390d32a3f3fc46596e6fb63e27756b465be6ed5c3b907458f0fecea4c65
src/features/quiz/SubmissionPanel.tsx,application_source,194,8716,22ffd6c8894c4e93c8feecbdc086e8c3b70334f4d4d1e83258c58444a5f6c3e3
src/features/quiz/ThemeControl.tsx,application_source,35,1369,51762b3ad318914f00412ab7798f0b32da2255139bc2cd749cdeabf1d8dcd874
src/features/quiz/TurnstileChallenge.tsx,application_source,138,4645,1de50db535c1f1eaf267e44b6eb5a4415032dc07bb436c5078b92eaa810a6f63
src/features/quiz/deadline.test.ts,test_fixture,22,889,6378b3d7ff28329a31cddc4f5a9c544dea79ad9b07eaea6c05edd1c3efa00039
src/features/quiz/deadline.ts,application_source,21,1004,6d7e1d6e97b75317a20d7034d88d737ad6dc5de3487682043ee1e16118e2f4f2
src/features/quiz/draft.test.ts,test_fixture,127,6878,44b828ee1438b6bfd8538248e7ca3885d1fe2e2074a2dbb9ed6f2ba9e1134140
src/features/quiz/draft.ts,application_source,102,4755,840e07e93cda36696f3046102a10805607384eebd771256a3673f1d548a2b7ac
src/features/quiz/participation-board-client.test.ts,test_fixture,79,2575,e24e735e2783a113d7b7bd278ad2c114596dcc1871f1267eb38c98d08cddb57a
src/features/quiz/participation-board-client.ts,application_source,83,2670,33fbe0be9fe9b562333d887b055d26e886cc10f1f8c2e8833afcaab735883d2a
src/features/quiz/practice-client.test.ts,test_fixture,109,4788,113b22cafd5eebb60a7659fc0af4dada082db8c5e1568747d4c61f162bf309be
src/features/quiz/practice-client.ts,application_source,141,5116,057769cf291e4ba12d866d32bb9ed43814b151140e5c759a24f7046743c108a1
src/features/quiz/preview-data.ts,application_source,36,1631,e02fc05a34650259137058994ab9093079cf3d1ca681f8bfb16e9501e933b4e9
src/features/quiz/preview-page.tsx,application_source,46,2656,26326301f8354a776c13dce3fccca6fea79683031b5d4de593170daf5c45ce34
src/features/quiz/public-loader.test.ts,test_fixture,112,5278,d2f1f8cf134049ec67394ba6bbb087e0349037261bfea46352d647a51e76ec59
src/features/quiz/public-loader.ts,application_source,66,2971,5aa24e1089250ffbf5d063a7a970a5c2d3bcdb7b19b1ff9958e25b0472825ea1
src/features/quiz/public-page.tsx,application_source,152,10000,60e73dd79755ca0a5c0161428c78a29b5d0229fd3a41d62ff88a15e4ee552228
src/features/quiz/quiz-view.ts,application_source,12,513,5053d082abf55e164d3d6e41c2350d8fb2c4896556aa128ab13fb496aef2ef32
src/features/quiz/quiz.module.css,application_source,249,21202,6348d51078093cb9acd1dd678223b1da59ce381e7234953235f9412b9362e8de
src/features/quiz/solution-client.test.ts,test_fixture,87,3488,47673938879ad83864342ce42fc24004adf2c65a284ea5d4a98b718267707858
src/features/quiz/solution-client.ts,application_source,123,4280,f7761ea574804ffd81b67804ee0d52f4902d3dceb23705f80873088e9661a20b
src/features/quiz/submission-client.test.ts,test_fixture,200,7898,a912cc92e047a2b6fa1784197ce63ae49b7c4023cc8b9041b34e703d77143f13
src/features/quiz/submission-client.ts,application_source,243,9235,6421c271bac0282b7890083332a8a28b7f78e61a82ffe1851349c234526bf697
src/lib/api-client/health.ts,application_source,33,861,74698c700b326a10df7b930b4fe67882c736b494bd5fb35537da11615612b30b
src/lib/browser-storage.ts,application_source,4,191,adc283d3bed5d073524561d1f878957c4ce5beab670c2870e94f1b8198305c6d
src/main.tsx,application_source,18,422,864dd3c7439243a87c2d24f9409cc341602fe756bf220e2ff2c777e3d5891635
src/styles/index.css,application_source,255,7306,dd5b166a5437c9ed83658e6121f14f31ad5df980c40fa6d32785992f8c42d740
tests/e2e/admin-ai-costs.spec.ts,test_fixture,57,4500,d85126e4c6792fb3e5ea8cb847dcd0e9cb58cbb57b6733abe2225ac402a06086
tests/e2e/admin-bible-reference.spec.ts,test_fixture,70,3417,3df8f7ca635fc061e71f1704a9ade06ee88cd3df6d4f222c188af1ca6dbd54e2
tests/e2e/admin-content-generation.spec.ts,test_fixture,122,11960,bb582456198c728d44f7d4d3e0e9a9e6e6aab81ae18ae48592fe79610abbd8b6
tests/e2e/admin-deadline.spec.ts,test_fixture,52,6302,74ff938c6028d1d06d7dbbab363225e28c98e844aec1c21482f25d6c16482722
tests/e2e/admin-display-text.spec.ts,test_fixture,74,6079,8bc5a8c386d44eaf9dc2a10d9ccdd6e452d4ffdfdac24585aaaf45d4823a8e70
tests/e2e/admin-draft-cleanup.spec.ts,test_fixture,35,2312,77fd5062133f47020e52aa541ddfe9f7a50e4f4b48a0bb1c4c8df3d91fd93420
tests/e2e/admin-placement.spec.ts,test_fixture,102,9845,d31c677c8410dc70e2c1f43c03d00a06b2260499e1177f3586e7b7f2656dff31
tests/e2e/admin-problem-correction.spec.ts,test_fixture,61,8384,4233c6b2c9420d637086a853f1d4ada2f31d052dcad60feeca5979c6fa75160b
tests/e2e/admin-public-video.spec.ts,test_fixture,79,5769,9c7c172fc11507789c90ce4e7d32897d60675c9f3f0441a452a6b6ca7cdc560d
tests/e2e/admin-publication.spec.ts,test_fixture,79,7417,382fc0296141c0d81a4cd28894e9be5217ae04585a78973f4396bd4689246e71
tests/e2e/admin-quiz-revision.spec.ts,test_fixture,71,8143,a0a820fa452a2cae7d3320409bb20bc5ca60c36f3b38714a8f1b4c53b172d1b9
tests/e2e/admin-regeneration.spec.ts,test_fixture,174,15885,312987665fcfdf802858b3e14c4b6b0505ecee12d5085c5120336cfc00cfedc6
tests/e2e/admin-sermon-drafts.spec.ts,test_fixture,99,8394,4260eca395270024c9e42073393efeb5681737805c54175b33c7575d62134770
tests/e2e/admin-sermon-input.spec.ts,test_fixture,239,14524,fdeca89c6ee8699cdf3e64c02cd6870646a44b78ef2ca917879ebc2d5aa71a59
tests/e2e/admin-single-candidate.spec.ts,test_fixture,99,8831,5368e568fb9d4fdafa4a20bc4ff593c7f46e1bc67b6e0c8d82df4d4f6fb5b005
tests/e2e/admin-withdrawal.spec.ts,test_fixture,63,5970,f722b56c0f32f99d0cd7754709d7ebfe4faada5c8b0e5593817f5b1267fa2792
tests/e2e/admin-wording.spec.ts,test_fixture,83,7384,4b53230734be1810cfe30408aafff1771a481257eeb4b5ebdd748b6b7b74c1c4
tests/e2e/archive.spec.ts,test_fixture,114,8954,5da9f0e8d6dbc64bd4fcbbd6833da2f7f477e15b8cfc6439fcf45079c7f2e84f
tests/e2e/problem-history.spec.ts,test_fixture,31,3389,067844062b5cc617515514a39026a6093c603befaa2b6a29f4904c7d7d220544
tests/e2e/public-quiz.spec.ts,test_fixture,768,38892,da7ef9d552cb17c15494c887f2c273338b535ac4807cec7d129ae98b541cadbc
tests/e2e/published-content-integration.spec.ts,test_fixture,40,2008,5d55342130b80c2280c85c5481e2900acfd6496af6977bab3b02fe5dbcea3372
tests/e2e/quiz-input.spec.ts,test_fixture,337,19545,ec995b3b5e42ad11e76f9e7de6f5548b0105f00a90959f67c00a751e75168a65
tests/e2e/scaffold.spec.ts,test_fixture,20,755,2cb749a49e232051d42ec9972d4d039f3e49553c6f3ad3351077c4ee80c22230
tests/fixtures/preview-acceptance-cancel.sql,test_fixture,25,752,3424c374d57b472c3a69b5c231bc3ec4bb4d4e338efe4087d0d1639e320cc2a8
tests/fixtures/preview-acceptance.sql,test_fixture,73,5284,908ee4148c93b1c8815ab4cb1ca00bcebebdde2fd1c1dfebc261a371c3f66fc7
tests/fixtures/public-response.ts,test_fixture,19,1648,a248cfacc016741e73d8532d344ac43da98667f3271443f41e0be3959bdb5d9b
tests/fixtures/published-quiz.sql,test_fixture,84,6083,0baadd557ecb556b8a898ac32b2648a7fdb7772162d7f7a5174b185e2a8c40d6
tsconfig.app.json,configuration_other,28,830,815370eb2aedd46ac37a2eff306d90fa487521c4fa370191acc546fd4e04d4df
tsconfig.json,configuration_other,8,161,4cb169ab088d8dd89334990a65fefcfcaffac4e6f496fb66b25a408ffa4dbf44
tsconfig.node.json,configuration_other,24,626,9ae2db89e24132a980b6b263fc37c30078f6eae0443ef09824f9cc856117b87d
tsconfig.worker.json,configuration_other,24,739,dd8a8ccc6f0e40b5aa29929d93777ba0ad9198df3f48d40cd41c0298360eb89c
vite.config.ts,configuration_other,14,404,c11550ca9dd968463e7bb5e5d6aca3699210589f1af664afbe2a1f13435adfae
vitest.config.ts,configuration_other,7,163,8dbf0760e65b31846f49132f7311c7c8ce8f6e225bde48a2ea27f8f90af5956f
vitest.content-workflow.config.ts,configuration_other,16,820,73a423bbefb47551620fb97bde69c36683cb4b0f0ef5111a8ac619a9861205b1
vitest.generation-bridge.config.ts,configuration_other,18,628,c2b5993a1ce6c20c12c13cf40f40f1f94e52dcd314a130170ad92ed853e18ee5
vitest.generation-lifecycle.config.ts,configuration_other,13,502,d7b1638a98dd9fee998e63f653055e31108074b4180b42536526cdb01b4dfefa
vitest.recovery-cli.config.ts,configuration_other,6,359,89177b38594efc013b004bba539f607979c4de6a2d4f98d78ed7f4caa87f98f7
vitest.worker.config.ts,configuration_other,43,1386,131eb3247de2d66e6e88a4d68ddf4400755de713f31e317430f2f01b57a6b1fc
worker-configuration.d.ts,configuration_other,15079,581781,be47ed044cd8f2700f660ad0f6042efb6d5fa0c92b689f6a3e5975e829dff829
workers/_shared/db/client.ts,application_source,9,263,39837eebb06df1c2a3e64e5746c73419fec44b14a595284ac8d5ba0d9aaf6aa3
workers/_shared/db/schema.ts,application_source,2383,161489,700b3eb94c1dfe40707a196c6461cbf4095fa5b205166f5935020cd7ee7c30bb
workers/_shared/db/validation.ts,application_source,59,1584,1ef707da657899dca8a944ac2232beae19eec96bac3ad286bfe5ffa1af70f2cf
workers/_shared/http/mutation-request.ts,application_source,90,2604,2b80579fa1a3a388f2bffbb909b8fc29b21bb81952accb40ba8361db9a5c5842
workers/_shared/repositories/archive-cursor.ts,application_source,37,2590,b17beb3bfb939437fb531afe86d2b2c0033d46199db1ca535e17b1ec8452aafc
workers/_shared/repositories/archive-repository.ts,application_source,58,4439,332791f8d05a3aa89d2e33ba44d96da87510b3e68cf976c6feaedc5739690807
workers/_shared/repositories/archived-intent-recovery-store.ts,application_source,44,3705,c25757169562118f0870fefacde25276fbe582d47b6f54730707d7f5f63cf7b6
workers/_shared/repositories/foundation-repository.ts,application_source,69,1938,eddb1c92d41e6105c06468714b80635b47dedfa530defc447a02aabc75fd3f43
workers/_shared/repositories/generation-ai-result-store.ts,application_source,770,44927,706536fe4f96e0a20ef0cdc7ed4ac830c8e761e316970e4cbffef52ca3234eac
workers/_shared/repositories/generation-domain-storage.ts,application_source,54,4094,b7e871ace5f6b8456228334fe19f36d4983049decd7f1bc07cba1fa4b4761518
workers/_shared/repositories/generation-lifecycle-artifact.ts,application_source,154,15931,227bd328a3f398ce4be6352ef409444f4ac468a47ee8149920c266423eb11cec
workers/_shared/repositories/generation-lifecycle-data.ts,application_source,198,15721,e8462350cc859a49386b7e8be1b1b8cdfbe5c91990f9cb41f7f510406f334b8c
workers/_shared/repositories/generation-lifecycle-store.ts,application_source,835,84377,a87aa3dcb7967691239587836ddccf3a602568b488ff5e5449956c9b8a2359bd
workers/_shared/repositories/generation-placement-store.ts,application_source,14,1098,3b008dd83281914583aa78056279f513c9b81a0b0bbd73a49b6afab86b8e0e6e
workers/_shared/repositories/generation-runtime-store.ts,application_source,831,45352,af9dbe8c6011336d622879cf179b30b01a705e53c0ee3b940f3a6ddf5fbb94eb
workers/_shared/repositories/human-content-runtime-store.ts,application_source,1180,66593,0e9186ba7aa44c8db71c094a634c4e7001c77cc0cb165e091bbba426272ab726
workers/_shared/repositories/moderation-policy-repository.ts,application_source,74,2385,0b0f77ee465dec7e46bbcfc9f633090ee13b1fa92817d10886120b2e74f6ee89
workers/_shared/repositories/participation-board-repository.ts,application_source,242,8647,ea6a01a53896b9c88e289e6432bbef6904346719dfa0fef6b662683996fdaaf3
workers/_shared/repositories/public-quiz-repository.ts,application_source,166,13089,9fe9519bc8b91117a0432bc042217b8735522225bc33849cc0adbadb3cdc402a
workers/_shared/repositories/published-display-columns.ts,application_source,10,1501,013e02fadd56ef25555629ac62b5750f3be3e8c7e2215f3adffb6f107fe4a494
workers/_shared/repositories/sermon-history-packed-spike.ts,application_source,233,12486,443c55c354ee96d1bba647071fb62ddf3933e7b9fc7fcde497526e311817725c
workers/_shared/repositories/sermon-history-reader.ts,application_source,248,16909,3bf03937466123cccb6df1fc31668122467ac28d7ce74558976113e54d953b7d
workers/_shared/repositories/sermon-history-writer.ts,application_source,811,40630,49ce5dba615fbeb009cc5278d9f251be25a3f019f30b833c9642e95b3769ddb7
workers/_shared/repositories/sermon-input-store.ts,application_source,195,11455,b3dd0197c5c5936def429a017aba3b3b578ecab827767e54662425e50f83d74d
workers/_shared/repositories/sermon-metadata-repository.ts,application_source,141,7142,4f547b11d6d9e848a86fea23385b2984c8fd5a5c99c5d4dc47635c1b320d2447
workers/_shared/repositories/submission-repository.ts,application_source,407,14577,a83629ec7049f4211a99ae1226a55b1f80a064462e23e38326f329ef93d6b7a5
workers/_shared/services/access-auth.ts,application_source,147,4316,92ec74f03559626f0be07cad68ea2bfd963e422bc0f119048cbdf1101d43acb6
workers/_shared/services/accountless-transcript-contract.ts,application_source,91,4570,918088ad07a07f818e44ae2e51f19c69d183f22b945b477f413062961fe7e33f
workers/_shared/services/accountless-youtube-transcript.ts,application_source,310,15319,47d025b184d68420b1b2e27ec2ac489ef61d9f6b2447cbf193a9a8160b51f4e4
workers/_shared/services/admin-ai-costs.ts,application_source,89,5304,c14481956488aebd39638781ba2018b717e7f296ffd59776a1486aad55e1b9fa
workers/_shared/services/ai-draft-provider-contract.ts,application_source,94,6315,249655e22053808c5876ec1f1960957163a11eaba90dcc1702f53cd21107c091
workers/_shared/services/ai-draft-provider.ts,application_source,104,5271,63f57b03b71bbb244e85c390f3a82b3ac9a6170f61ba13985518b92049555d46
workers/_shared/services/ai-evidence-location.ts,application_source,56,3593,237e88c1b2b20295f68c2eca755c1681442d97f656484f18cd18d2c1c6a40f29
workers/_shared/services/archived-intent-recovery.ts,application_source,112,9481,98aa3762c2a5e4e16dd2b76af69b62898e262b38759f363bc042730be0708993
workers/_shared/services/candidate-placement.ts,application_source,98,5951,83ce82ff83a2346103c24787f1460675c442afc5e4e07a253e1871b6c7ff2061
workers/_shared/services/commit-archived-intent-recovery.ts,application_source,64,5438,261ff254dcc9c989c8f8968b4fe929551722ef1d21d20fbf031c6ab5381c6231
workers/_shared/services/content-generation-diagnostic.ts,application_source,16,1232,7bf06e961357e98f7f937f6d71c3c85e2cbc7476f8e4c732c243eae3bcdf2ab2
workers/_shared/services/content-generation-final.ts,application_source,75,6241,8aad29451ab41935ca93992ab1034cb9d26b3a46a89affc0d249fbf4c12fb85e
workers/_shared/services/content-generation-view.ts,application_source,103,11019,30cd9cda38354bf4a6cc56e76f71c98711dd1802e27bd976bca61da0497bc76b
workers/_shared/services/content-generation.ts,application_source,204,14841,5372a464207a08d2165ca9ec44b3a5a4fc616e01d72e9b00cde05861c1d640e5
workers/_shared/services/content-human-generation.ts,application_source,56,5421,04ec3a9405c6239c9ac2d7002d36e452a658ee70aec91e3df55f9a5a6ff943ac
workers/_shared/services/content-intent-generation.ts,application_source,292,25604,b3d932bdb51b9f696368d84e9d0897ac6d0b0ffa4bb94971f19398c583700a8d
workers/_shared/services/content-moderation.ts,application_source,349,11935,c1915a049e87e21df771b162be2be9be7e7c3995a05d0970e3154eafa98a6555
workers/_shared/services/content-placement.ts,application_source,67,5661,9e6ac2271614c29c2865e5336173c6163992875fcec4b8f55acff2222b5c1c5e
workers/_shared/services/content-quality-review.ts,application_source,66,5364,9a5473441f17840b943b32774a12ac0f3749c3b7d5aeddaf13755fe790f397dd
workers/_shared/services/content-regeneration.ts,application_source,104,9159,e5fac33a696af5a76b40adc235ed39fd445c7c5001044dacc26cd2b293bf2f8f
workers/_shared/services/draft-cleanup.ts,application_source,229,17926,ca16c1a61c4938644be4240d5c42c1745fb289ebcf015d0ad7584779d2b89c3a
workers/_shared/services/final-audit-contract.ts,application_source,121,4650,646abf497603bb7383f3bf0299df9cb41fa4de90e96b73aef9ef85f2b80531e2
workers/_shared/services/final-audit.ts,application_source,166,7461,d766400ffff467315e926823802f72f076f7839ab265406e5645e1874740ddc8
workers/_shared/services/final-check-contract.ts,application_source,40,2136,2fab48e2f2fc0231797de4cf6c5151ec61629b367326086002cf1bb837d054d3
workers/_shared/services/final-check-metadata-contract.ts,application_source,83,2962,b0a5d74f538e190bd56deae9f0017e67548c408cdf1392cab6a2dd424b8f246d
workers/_shared/services/final-check.ts,application_source,180,10447,d87fbcd76d49e475a7897cbd60b574ef97401f164f6397e448f2bd396f36a8a3
workers/_shared/services/generation-bridge-contract.ts,application_source,124,7692,5af566d02bc2d39bdbe590fd50c80c2818ad2d81378ba7113b803f4b02374f06
workers/_shared/services/generation-bridge.ts,application_source,259,17734,101593929d12fbf4bf3dcdd2cadb8120473131bd27bd2c0a5529f6a6ea714e71
workers/_shared/services/generation-context-codec.ts,application_source,220,15030,8911a5a33a05453b23af424005301e8e80bf171c8fa94bf67e05e0b25c8d3f10
workers/_shared/services/generation-correction-reader.ts,application_source,82,6329,9725ca3903d99f8afc16a136dd27d1b4860de33042e2854b76ed000467ec3377
workers/_shared/services/generation-domain-codec.ts,application_source,99,5880,98e4d8a1c6063033c39e83c28695e594925a757ef1cf89fd95db1251ec25c35b
workers/_shared/services/generation-domain-contract.ts,application_source,89,6421,bb00e92aac6de2bd767c6e3f83404e5f11b7915fd26f9d9fe58bfe4bb887be6d
workers/_shared/services/generation-domain-evidence.ts,application_source,77,6298,263127954240f24fb001c87b17b6d9df4b4dcc80b3a414ed7fb996b120a15535
workers/_shared/services/generation-domain-reader.ts,application_source,274,22761,339b2f9036ebdecf2fdcc82886256aae65a83fdd645d021dc52e63fe5df3b0fd
workers/_shared/services/generation-domain-resources.ts,application_source,68,6060,b13bb7861c2f3c2ff966d32695b41e8bc4bc638d6f717b6c82b9b1ed773a5627
workers/_shared/services/generation-domain-wait.ts,application_source,38,3631,247f2c492d62ed829e53dede502adf7e7d17db707937c7ea4c8735487eeb9429
workers/_shared/services/generation-domain.ts,application_source,398,31709,b419cfb945020881bfa8933fca27a4438bd28b0e979643ae22be29ddec30a5c9
workers/_shared/services/generation-final-validation.ts,application_source,116,9135,e5d54ac6accf223c244ea018b12910bbbe864340b12e4069d90dacbb77bcd454
workers/_shared/services/generation-lifecycle-contract.ts,application_source,175,13034,bf281a610aba58675de8b45ceeefc385080c934ce330e887f2a04c55bb2382fe
workers/_shared/services/generation-lifecycle.ts,application_source,401,32642,e7e1eea4b7cec411e11436a4d737306eba61094307f8f63d8103fa916d4d0689
workers/_shared/services/generation-runtime.ts,application_source,373,14461,ebcebacc910f44f681f294f718e1824fb39790c5876bd12b8c240527ef56dfc8
workers/_shared/services/licensed-bible-text-provider.ts,application_source,234,7556,a1eb97ee1539c68e705a997a969eb3793698d7a04854c92626439a98768fab53
workers/_shared/services/manual-transcript-source.ts,application_source,131,6400,32f6553a9978e72b06232491078f4675769ed17c008439c12c3881860f1f8cee
workers/_shared/services/openai-draft-cost.ts,application_source,20,1378,34eaa3dd254e4a8f26665a4dc89eef2552489486d23c43987048cdaba4175de9
workers/_shared/services/openai-draft-transport.ts,application_source,154,11575,7118d0d128f70c622b3945ad11938fa02f90f6fcd90ccf1482d8abaa9009b118
workers/_shared/services/placement-presentation.ts,application_source,12,1257,890df289705ee7bf8f70eed9d87d4c7211ee9cf8c9ab9c6918c761fd7cb3b756
workers/_shared/services/prepare-input-schema.ts,application_source,41,2111,eb203f67fb0ea5178be72159717756fec8df1d63bb3084fcce8772be92539e4e
workers/_shared/services/problem-cleanup.ts,application_source,20,2065,3db9746e87fdad9a03ba225ff124b78b9e0c44165a154db9dbc61cc3d51bcbb9
workers/_shared/services/problem-correction.ts,application_source,118,12677,f484f1b9dd29f79a1f4d9b4e3523beaf5c9a940485c8d25a2f13c45a2ddf7275
workers/_shared/services/problem-history.ts,application_source,36,3152,fbefbd5c1d7e4651c332b2b0dcf0003a53cc6b89b90062252e578c1cef1634e0
workers/_shared/services/public-quiz-access.ts,application_source,48,1590,de8fb293bedec2f2931b8fa222c3e853b2fdeb4774474334faf90dc5dee2ad86
workers/_shared/services/public-sermon-video.ts,application_source,97,4391,ef5a6a891c47ac1f98044cc1f35db6eedadb8fa3814e41c6d364a80726884d70
workers/_shared/services/published-display-text.ts,application_source,80,6045,a192b7a641ce333e216a78982c2018d8a91f52d987635d475bab70d7bc284dab
workers/_shared/services/published-wording.ts,application_source,53,4857,dd2aee190371305f409d6c2da20ead4790528420daf0fa41609f18b0096a452d
workers/_shared/services/quiz-deadline.ts,application_source,115,9508,b33d49ba97267a5d2d56bb3c92e6bd3340889ca24f0d62866e20ba4bd2e1777b
workers/_shared/services/quiz-finalization-scheduler.ts,application_source,71,2160,3d5da1856989524dfb26176dd19def41e53ffee7adc11aec5ee6852b7235fa48
workers/_shared/services/quiz-finalization.ts,application_source,486,17221,2d284023aa60907e22ad82b63b57805318e5c6e2f190a66520b622e3d622ffaf
workers/_shared/services/quiz-publication.ts,application_source,119,12320,cf8be2bbb2ca85d13c94c646d3b9239cbe0fd984177f1576435a43012479e21a
workers/_shared/services/quiz-republication.ts,application_source,67,6204,f1ac2fd5b16fb5af52a9dc6f0310ecd3ab6a9589838787c1a9d3ad6f0df591ea
workers/_shared/services/quiz-revision-cleanup.ts,application_source,41,3522,fa7b20a0e7f9dfe16ac4b89381e3f548f7fed468375af33702a99a722badb08e
workers/_shared/services/quiz-revision.ts,application_source,202,16987,56508d827c39c78ec7fcdea5c7cd0df2f478fe7bc83c033fb8b7bca68bc51a24
workers/_shared/services/quiz-withdrawal.ts,application_source,97,9574,91d5ab77904e249d845687593789e03ff5f6e7501b8cf3fefb64645dadf718e7
workers/_shared/services/sermon-candidates-contract.ts,application_source,50,3575,444c1d62b752ad7e76fdf15f152ae3bfef8ce842d6b6c8f372abcff4de1e647e
workers/_shared/services/sermon-candidates.ts,application_source,180,12117,931ccd04b60a4711f89bc59d6fd03913e12c45f72df3581b87e0db55088a7c01
workers/_shared/services/sermon-drafts.ts,application_source,109,7444,865a3d21d09153c2150e0e7ef6a7380ab8d651a3acaa038b49a1a5bb191540b1
workers/_shared/services/sermon-input.ts,application_source,429,25540,3a302f38bea685aca2fec52ef7cc6457555a9546dc995db9f993889cb6e2be1a
workers/_shared/services/sermon-intent-contract.ts,application_source,63,3995,cff8e93868014cb79047bad8cf0dd49016ce666b1950709fabb57026f5edb413
workers/_shared/services/sermon-intent.ts,application_source,235,13824,56e53b43d492fccc548027b3f938fc290b2884531310f75b190b89855f0f1c64
workers/_shared/services/sermon-summary-contract.ts,application_source,34,2006,66657284963b021f466cf80e428258425ffee357c252628566b2b666fd2b6c68
workers/_shared/services/sermon-summary.ts,application_source,184,10704,bd4d94ce6a50762f8bad0bd850f63ef24dee0d370d4fe367f5fd631372eccf4f
workers/_shared/services/session.ts,application_source,127,4030,a24c3766b4893cf48a33d63934d082b4b493b5b49accfd7d58622b64ca27db34
workers/_shared/services/submission-deletion-retention.ts,application_source,455,15987,7ff20e26f68572aa0cfaf26bd13753e31ea73fae90db422f5cc52542705220ba
workers/_shared/services/submission-moderation.ts,application_source,309,10497,611faae928dc422b6ca97610b4481bb093c380b75103a4c28e8f1efcb8ce9722
workers/_shared/services/submission-request-hash.ts,application_source,42,1314,67990816addab04163700526e29bafe45fd861322ced75320690498214a1f0ae
workers/_shared/services/submission-scoring.ts,application_source,151,4776,d0b6c38f5f4874b8545e64ba774cc150c605b29c76b756430b013cf171d7c70e
workers/_shared/services/text-well-formed.ts,application_source,9,434,b613e9d73941483ea12ffe1e45da8b0a2569bd20198bd16e8d3b334aff563bf5
workers/_shared/services/transcript-character-limit.ts,application_source,23,999,dd124eb7d405ac7bccca0a042cfec52b6d7a99d752ccc268ddace9ef951eecd5
workers/_shared/services/transcript-content.ts,application_source,62,3578,0b4b760dadb38dbeac92d0593b3f17799eb3031b7a26e427cec28870a7a749fb
workers/_shared/services/transcript-correction-contract.ts,application_source,34,2007,77334c376e68f658de5f7e3dd44aec8a95d379304333b68deea897aaf3841265
workers/_shared/services/transcript-correction-document.ts,application_source,43,2308,6e6cfa3f76351af3b98c538b9283a6f5d4179447b21c20dc72226570ea54b9bb
workers/_shared/services/transcript-corrections.ts,application_source,125,7071,b34c83ea47c0afac05eb8a064f7f094d372876011f605f140f854ccb94eff419
workers/_shared/services/transcript-input-contract.ts,application_source,31,1574,6a2c98ed30c117201a46a40c9b8a3994e6f4128435c302636b0c26e55457c6ef
workers/_shared/services/transcript-revision-contract.ts,application_source,110,7545,e732dd839d9a33dfef803c105d154dc72f947c23aac9705e7fac2fc38a7c369c
workers/_shared/services/transcript-revisions.ts,application_source,327,21047,2c153f412ea331c5b7fc49fad465a1908c4c339de2072ffc6b115b694c9cbf46
workers/_shared/services/turnstile.ts,application_source,154,5366,55a89eff386fdb97773279ac54dcee1bc27e1eb08807b108fb47c0a9e560a1b5
workers/_shared/services/withdrawal-edit-cleanup.ts,application_source,44,3184,c4d98ba9b67f4f9b71cce26e2c8f16dc1b02459aa0a8ff9616a45bcf0d57028c
workers/_shared/services/withdrawal-edits.ts,application_source,74,6299,95f50f1b119f8ef971f73d457224e4ff47ae8637685179115aedf41180f4a400
workers/_shared/services/withdrawal-preview.ts,application_source,69,5253,f6f6d4e82cbee54f1eb9f1cc1137ce902e2c55d6ae238fcc7af7629b0aba2ddf
workers/_shared/storage/history-byte-array.ts,application_source,39,1964,ab05a1f6f05beb829bac46f1867c822a5d4d9a6e0b235d111cf0a39e72958958
workers/_shared/storage/history-json-codec.ts,application_source,111,5676,6d5b235e8de67c081a19a140fa0a6da40a96866d5a70af25955a7b8bfdb11899
workers/_shared/storage/history-record.ts,application_source,86,4895,965f7ec730b693f48db29a1d05467ffd0f8766cb2ec7646bc107ded885c0ff81
workers/_shared/storage/history-references.ts,application_source,298,18269,9c439666c1dfa86d94d6b434aa4a6b6303498295d09d9134a00d2053e2ebee40
workers/_shared/storage/history-resource-limits.ts,application_source,119,6108,04b18648459b7650f60ecd5cf03a6fe4fd4fef9bd8b71c35eca65b72325cb4f6
workers/_shared/storage/sha256.ts,application_source,5,323,fc30527cfc38dd05e594494d1b8cc529aa5c6c6088f40170cf1e6afb647cb965
workers/app/access-auth.test.ts,test_fixture,89,3399,02d32f13a038f02c38b6a53254e90780ed88d91aabd5f63895ac0bee6b407bc1
workers/app/accountless-youtube-transcript.test.ts,test_fixture,290,17693,a89c221e837183cb35afe5ce50ec074c91373d8e93cdec34ba8b4bd589a2fdf7
workers/app/admin-bible-reference.test.ts,test_fixture,153,6406,f1703cb6bb524256f185a2d70a2006c5b9529001ba56967d521494d43905fb39
workers/app/admin-generation.test.ts,test_fixture,34,2253,53ae1469d5cf0bab71739396c697b3d253d9d3b7fb57baaf49af24a6acbfd699
workers/app/admin-publication.test.ts,test_fixture,32,2201,6214923433365f5d98272698bcf2375065316e0238006ab5c99eda01c717e653
workers/app/admin-sermon-input.test.ts,test_fixture,760,30294,50b05dbe29415d740db1b97019f07c2e567c5f45fbd065597223aa24abb5741b
workers/app/ai-draft-provider.test.ts,test_fixture,211,15986,840a224471d0e3ee1407cb156c19c225976e7322a4ab3abd33dd8778ef572367
workers/app/ai-evidence-location.test.ts,test_fixture,59,3994,27c1318e88ce4eb236203fdcc5c503616c6e2a00aff9bf2fe27b4754f6ecbf79
workers/app/app.test.ts,test_fixture,47,1522,5512b65c5c81703715be11be3dec9e39f7d51a5845982ec0274f87caa98b5094
workers/app/app.ts,application_source,2579,116424,6fb70f5ce2918ecc984b43c88152cd9d6688b3118f3036ceccfaecefb72a1d13
workers/app/archive.test.ts,test_fixture,129,9751,677741ab5c9ef92d8acc29ab0b211fa89835cbc9a1ba1135437fcfa59d75b3f1
workers/app/archived-intent-recovery-storage.test.ts,test_fixture,77,5841,f1d297a3193de614b0c0254d4085cb53f286710427e608193516225c337262f2
workers/app/archived-intent-recovery.test.ts,test_fixture,100,8692,72c96b319d0283d1f77336a1438c35b7ca184085f99e1aa3206a37b23fa30263
workers/app/candidate-placement.test.ts,test_fixture,218,15576,3e0f2450da4e9c1a66fd553ded3ad1c6bc8d7330fb34783b04b6c94aa9cff8fe
workers/app/content-generation.test.ts,test_fixture,180,14358,83e3f6b457a6ad0b8e8eda156518380568195cc8bfa07da1e0c0e7940c9a9914
workers/app/content-intent-generation.test.ts,test_fixture,1335,125132,52bd0a134ad5f6001ecf40c430e6281957ba38aedf7e05e0b488fbfc182c2884
workers/app/content-moderation.test.ts,test_fixture,203,7467,0ab12250c68cb8d2a2d35bed593b94a9ebe454f37d6814dcb86de1ea2d62b7e4
workers/app/content-workflow.test.ts,test_fixture,165,13941,bc5e4358e0ea20a7a5be66c56dfb34f77aeb0528f412a7809963e200c9369aae
workers/app/draft-cleanup.test.ts,test_fixture,126,11227,ba89cbbfe9324b3db95a74060a7ac9a68a2486605f05aa39570d4ade9966ccad
workers/app/final-check.test.ts,test_fixture,731,47137,cf8d90f0770beb8e49f495511d8865f72235b6f48aeb32be6383806480ae852a
workers/app/foundation-repository.test.ts,test_fixture,122,3849,2738a1621034e7ba906c34f4a8847df05397fd49ea4686af1c2522a18d391d08
workers/app/generation-ai-result-store.test.ts,test_fixture,396,16892,8a48aef99ae7880a21d3227a5e673bf9b4539fdc905f198de66c6a96f55b085b
workers/app/generation-bridge.test.ts,test_fixture,291,22487,a7ea43c05ebb70a28b1ca2a882ef6c75fc3a73e91f0c54b6e505237d042ddaf4
workers/app/generation-context-codec.test.ts,test_fixture,153,12107,1b7d951722198034de2a457dee8392011b7e9747d01fffdf1dbeb6770be9fec9
workers/app/generation-domain-codec.test.ts,test_fixture,84,6643,e1d1de084b2cc1c56e63486d921f7ca636dfa89d4f9f6f811bf92b6756b22ab2
workers/app/generation-domain.test.ts,test_fixture,372,30809,6020c63b6159fc1045b075dbe4c1632a831905ae2cce2b70b2b39ee387cd7c77
workers/app/generation-lifecycle-store.test.ts,test_fixture,451,41494,a938e04195e6c843d9fa2104af21e0596c247bea4a619a252044f044bb6d37ef
workers/app/generation-lifecycle.test.ts,test_fixture,363,32829,c684a6a26a250b53ba543c4a009529e9e7f49e1ca65a4eba536f073a71d78831
workers/app/generation-result-storage-structure.test.ts,test_fixture,771,35396,0218e73ec04eed70b1f444c1b2954724449243dabeac06acb45aaf700edf749f
workers/app/generation-runtime.test.ts,test_fixture,431,20629,1c6818b043f8a71e113cd63fdd8833e61df21048ec2b3f0aa3a71d5aef88f83a
workers/app/generation-storage-structure.test.ts,test_fixture,239,13747,1caa65578857aaeddeeafa6a745fbc844c735ef1b91ee1669cbbdd7243892ac6
workers/app/history-byte-array.test.ts,test_fixture,122,6775,f077af4e7f41908d7bac95be58b34baf43a99d41593b4bf5435245e5b77fbfb6
workers/app/human-content-runtime-store.test.ts,test_fixture,451,20151,f925bb77ca9024e13752bf8af7f614b873ea61677297b7e77e0c33de7aee52f9
workers/app/index.ts,application_source,39,1267,0d029724c3af428906f25decdd984cf2c06597cd611344ea6ff05c46125122a0
workers/app/licensed-bible-text-provider.test.ts,test_fixture,161,5637,e979509b4734c6bdaa691ec8a8cad18d095302ede1d9c3fed6dda8710d0fb31f
workers/app/manual-transcript-source.test.ts,test_fixture,170,9777,eb2fcdd3d356527ea9ab377ae0e88a22805bd95be0c193a648ec1bc841175564
workers/app/moderation-policy-repository.test.ts,test_fixture,162,5515,84f215817925b518c1190b3cddba43346bb1f1cdd9400bbbd4ff6155b0659d41
workers/app/openai-draft-transport.test.ts,test_fixture,148,10968,72f8f8aaa9522743aacdb4a69822282f2794acc21d84edbedc4b5d420b2f6fc1
workers/app/p5-27-local-diagnostic.test.ts,test_fixture,58,3313,13511e8a189720d7f1f6c0310eee9ee1a5a180892acd2c7144992599de8c252d
workers/app/p5-27-local-diagnostic.ts,application_source,91,5276,ce23b4770cad323beb9ebfad682071b14e4d51d285fcf19bd44e3d9d59b6d641
workers/app/p5-27-local-trigger.ts,application_source,24,798,9b5230828bd98fcc6381fdf9e4a7c560011476ea6e9f2c00049a0a7a7cb12e16
workers/app/p5-27-preview-probe.test.ts,test_fixture,66,3953,9e744f9c2f26062b4211ab8526d423752160b3604381abd7fbadf603764dfe8b
workers/app/p5-27-preview-probe.ts,application_source,104,4978,586210fa7340da4dd60a6b07340025ef4b41e050b4e6799b3982c83e5fa809e3
workers/app/p5-27-selected-probe.test.ts,test_fixture,31,2384,53cf94c3bd0699ff645f0b23942b86d34061f0219d542d59366a6f19e5fadda6
workers/app/p5-27-selected-probe.ts,application_source,72,4446,fddfbbfe6ef28586082418697c487b8f929bf49337f71f5e87c106862d7ea8bc
workers/app/p5-27-transport-feasibility.test.ts,test_fixture,102,6380,d5c011d2eab8a20d4326d045577f94e133ece09958880d9a78920d4eb005aaf8
workers/app/participation-board.test.ts,test_fixture,650,25195,751e16f984c719d3f6ea2021ddca862342f0e6081a21ab50d39753ca7b428e74
workers/app/practice-check.test.ts,test_fixture,268,10759,0286bdb272e0b71344c28606dd35d505faf530e1f043fb30a9d328889b06add5
workers/app/prepare-input-schema.test.ts,test_fixture,60,3502,9f42a84e21596d2d58621dbcb8ccde82a25abcbdc22a81ddba94cec0d1891b77
workers/app/problem-correction.test.ts,test_fixture,249,26492,9bf5f743ca039f507e5c980302f425cdd417624446caa981b2318147cbc30dd4
workers/app/public-quiz.test.ts,test_fixture,273,17641,6619617c9dfad1c6ce78a26e06a22df6bfabe5844b29a701764caafa7b7c3afc
workers/app/public-sermon-video.test.ts,test_fixture,148,9945,59c0f5cc463333b7f1ec3fe385d32110aad2ec88c37b415d112db07e9557bfaa
workers/app/published-display-text.test.ts,test_fixture,111,9773,2d6d6d49875a7d2717f613e95b69d2bc4be97177c8356360b875eaba68e6fd14
workers/app/published-wording.test.ts,test_fixture,202,18815,fc6a261346ea62d341d1dc779a5baf87085353742f19d93c8ff036364a695eff
workers/app/quality-trial-response-archive.test.ts,test_fixture,114,9238,4f83423855ad67202d53db01bd80bf8869dc44426c9a072167be0406d1950dd0
workers/app/quality-trial-worker.test.ts,test_fixture,72,5741,debf6c3370fc45c9c09c0697b90ad82c4c863372370b3db2c16f1953fe86949c
workers/app/quiz-deadline.test.ts,test_fixture,211,20490,d262e56f329d48b12ee61d7bd7324f3c6ffe4111b2f9c9e7bf1bc59079dd4333
workers/app/quiz-finalization.test.ts,test_fixture,835,34042,fbed9e359c6677a7d09e6be65c2b74dcf76a10ae68b7ebd527abb359054d29d2
workers/app/quiz-republication.test.ts,test_fixture,239,22927,108517a27e22dffaef6f09f1fe7346bd9a7f50e8f9b27f30be92a8c9a2e2906e
workers/app/quiz-withdrawal.test.ts,test_fixture,170,17607,b0e329128332736143d55a415fc2cafdf5b0a85f61145c3e06e6c9fa1d892377
workers/app/sermon-candidates.test.ts,test_fixture,494,39819,cbf39a29e3f78a42a6e6184b011ef41b6f177462851fb0f3a7a71affd3046390
workers/app/sermon-drafts.test.ts,test_fixture,126,10015,fbc49828d8f5db8237cb50c0bcabe8685fb6de00823c48ac33a33475e1e233a6
workers/app/sermon-history-codec.test.ts,test_fixture,378,25770,3c8aba23380b1f54f3d768785320ec0b0013da0743f2c194d66c6b8747d709b6
workers/app/sermon-history-free-spike.test.ts,test_fixture,398,20855,1299021e419e2f31845d5546c8ae211b0905182eb4cbd350704afd0dee1f023a
workers/app/sermon-history-reader.test.ts,test_fixture,259,16041,0e64835851a89388717d696ab76b67f5fde28f7f771e94f32f95646db6eaef0e
workers/app/sermon-history-resources.test.ts,test_fixture,230,15253,53e89d78f3dc44ec2ebfba95786ffee001353969f7530fe6a7ed9eeddfd0853d
workers/app/sermon-history-structure.test.ts,test_fixture,144,10102,49a8f1ed70393d61664e0a7c66399bbc742d439ec6c90428039ce867e2b44eb4
workers/app/sermon-history-writer.test.ts,test_fixture,467,22518,b556dfc33c037b31081fc31407d797865c21a80f237549b703798116afae2e0c
workers/app/sermon-input.test.ts,test_fixture,637,45693,5aef573efdd85eb2966ccdf3f3f94396578cc276e8d5a0147440290c455b453a
workers/app/sermon-intent.test.ts,test_fixture,466,29929,62e576911aa7cd5b3877b1f290f1eb8174558dd9b00e573673f90b0ef4e6cf8e
workers/app/sermon-metadata-repository.test.ts,test_fixture,179,11894,dc5c2f4d48944485bd75fb46efe169a0c028a97568e21fabd046fbd41d880816
workers/app/sermon-summary.test.ts,test_fixture,388,27997,615500ada5a8351089451fc29f7101a6c2d2a380fa1bd6707808b7e44c61d4b1
workers/app/session.test.ts,test_fixture,192,7522,80b285db3cc2dac7a2153e092370fa131c5c70c8728f98597ae3a1dc3649b10a
workers/app/solution-route.test.ts,test_fixture,350,13525,57a2bd354e116055f32f7a8397daf55a1574ec7a9372f34705f331bc0ba5ffa7
workers/app/submission-deletion-retention.test.ts,test_fixture,334,11200,3a4ad37305cf77a45a608257167d8305b8eadae56841fa24f58c01f21b2b3b09
workers/app/submission-moderation.test.ts,test_fixture,370,13490,bc79159997caf61eea1d5712b1943e7f3b6a7924e886798f2b67359d3aecfb39
workers/app/submission-repository.test.ts,test_fixture,483,17491,18f1a05cd14cb0c6c16e1fe7ac6f44ddda027eb34ddf996f2ec65bd985c24440
workers/app/submission-request-hash.test.ts,test_fixture,46,1409,d38f37b1e08ee5ab4b9a607b5090ba0391b5f28fdbca721ce05c8683e301c428
workers/app/submission-route.test.ts,test_fixture,706,28413,6c11da06e496898f4de28f43970d8e9d79a558c35f0565036e806b039171f1fd
workers/app/submission-scoring.test.ts,test_fixture,104,4146,640acfceda9ada1de0ee42b948c169ad2c7a27ed1b43e3c9600df8b980ed4768
workers/app/test/access-fixture.ts,test_fixture,46,1597,8980944b27c3b48180df35cee459eb6c7bdf3a741caeeed952d0d86ce1820116
workers/app/test/apply-migrations.ts,test_fixture,23,1040,c295f569e261102feff9a685ba43516f649125578a6d40befb2628b9746aba1e
workers/app/test/archived-intent-recovery-fixture.ts,test_fixture,53,4332,2edd7c91d11d21127111ed715a75c556d6742297e4c0102dbac4d2a461c2f6d8
workers/app/test/generation-domain-fixture.ts,test_fixture,94,8306,1c0b126a090e3770920009b05242b6e98b70326024fd00ba90584189283a3425
workers/app/test/generation-lifecycle-fixture.ts,test_fixture,112,9181,1892892321e30f331814e8e0e32a05f7e78701f1985d713092b531a1ba4c0e59
workers/app/test/generation-storage-fixture.ts,test_fixture,255,9863,d9e5a3504c73fcacade69d79f132b50754c05a887e168d580e5ef03c91aed03a
workers/app/test/human-content-storage-fixture.ts,test_fixture,606,26718,3a138b9b9646b0a154dab3be8f30e979f6b6032c694ebb0254bbe6a19d3a0135
workers/app/test/legacy-metadata-fixture.ts,test_fixture,34,1949,e7100f3a06f7118ce14d68633c1f6935a0336bc2f75d77e42d3d894c514adabc
workers/app/test/sermon-history-codec-fixture.ts,test_fixture,152,11925,344c9a5b3fc86d26b01a4c0de0dd97162a6fc06a5256de005d36d4e4d17132f9
workers/app/test/sermon-history-read-fixture.ts,test_fixture,89,6330,e10851a0324de8322792c5336daf548bfdf2c169539156e667fcab6c5aaa7658
workers/app/test/sermon-history-structure-fixture.ts,test_fixture,68,7403,f7577d4e5165b961bb610e8ca1b953ef63f09feb81d686a7ad542ab0c13da051
workers/app/test/sermon-metadata-fixture.ts,test_fixture,23,1407,8b0b198774a8c07e36cc892a6571e051f62e091e22537934ce665d6e3f8def4d
workers/app/text-well-formed.test.ts,test_fixture,23,1082,91e7a2a1a772e6016b2a520608d07b7c2df8dfe7bb8c0c080ed418cf72665c83
workers/app/transcript-character-limit.test.ts,test_fixture,20,1223,65cbaf0cfa670bd22fd7da02a34f7796e81e55012702f6eeb2454ab73d2f0b67
workers/app/transcript-corrections.test.ts,test_fixture,347,21331,e173c85b7bfc856efcf9099674c6b94b91f75cb7f6141f331e6506bee36a3689
workers/app/transcript-revisions.test.ts,test_fixture,395,23096,9dfe52882b017f1d5a885a232a4426b8651036ef8e6484cf7f19d64ceb4cff39
workers/app/turnstile.test.ts,test_fixture,161,6512,dee700eb78ad60ce6be48016155b6a829bfa715fdb9e599e3e7cafd57ed5c9e4
workers/app/withdrawal-preview.test.ts,test_fixture,280,25859,ef47cc2f73ce68d45dc79dec81d840c4e713f5b0f88f82b0dd8364c85476bfd0
workers/backup/index.ts,application_source,24,533,ec5bc5dc4598c60d1e64a23da9cc58d0a286c8afb41ccbeda988ad7b0c3be36e
workers/backup/wrangler.jsonc,configuration_other,15,357,da81a381ffaa4a702becd102740760890119896472f9bd3bc62755c9218f7428
workers/content/index.ts,application_source,37,2495,5ec4bfce494605521915e7cb4bbe59f91802f04db3c633490f4418b14dd9923c
workers/content/wrangler.jsonc,configuration_other,15,361,8fd7d9be1c083901adf7ee36f8900a94214d53384b5cff7e7b7e6451a3e66e59
wrangler.generation-local.jsonc,configuration_other,20,589,d5f20586f202c11f16cc045941083ba1d999cad3328bbd5db5d9b48e6ce28d9c
wrangler.jsonc,configuration_other,39,1028,7587557d7ac980c2f446ae6847977e4aad4b3d7007dd74616397828b5e75a5cf
wrangler.p5-27-selected.jsonc,configuration_other,22,871,138d328d134c2ae92519e89b96f0556267cafc65d987e592945a1f54550b2212
wrangler.p5-27-trigger.jsonc,configuration_other,13,306,bdb87dcb5f8e406bdbd9e4283db786aff15923bd4d1a3439d6c74acef581f53d
wrangler.p5-27.jsonc,configuration_other,30,706,a1d44ac07bf9ac7d6473ae3cf1b8078afd63495529beae4f99e227a990733729
